name,tourism,geometry,latitude,longitude
小油坑,attraction,POINT (121.5476114 25.1753902),25.1753902,121.5476114
自來水園區,attraction,POINT (121.530364 25.0133837),25.0133837,121.530364
黃氏節孝坊,attraction,POINT (121.5154958 25.0429124),25.0429124,121.5154958
急公好義牌坊,attraction,POINT (121.5142824 25.041085),25.041085,121.5142824
林蔭大道,viewpoint,POINT (121.5353591 25.0077832),25.0077832,121.5353591
物理文物廳,museum,POINT (121.5360138 25.0168993),25.0168993,121.5360138
台大校史館,museum,POINT (121.5353367 25.0177677),25.0177677,121.5353367
昆蟲標本館,museum,POINT (121.5407706 25.0110786),25.0110786,121.5407706
動物博物館,museum,POINT (121.5389738 25.0155926),25.0155926,121.5389738
臺大檔案館,museum,POINT (121.5287319 25.013943),25.013943,121.5287319
人類學博物館,museum,POINT (121.5349327 25.017795),25.017795,121.5349327
龍船岩,viewpoint,POINT (121.5969437 25.1005266),25.1005266,121.5969437
共同三松,attraction,POINT (121.5374785 25.0157102),25.0157102,121.5374785
芝山岩,viewpoint,POINT (121.5301896 25.1032692),25.1032692,121.5301896
弘法大師紀念碑,attraction,POINT (121.5096101 25.1340534),25.1340534,121.5096101
夫妻樹 (紅楠),attraction,POINT (121.5890521 25.1019066),25.1019066,121.5890521
順益台灣原住民博物館,museum,POINT (121.5520367 25.1010057),25.1010057,121.5520367
成功高中昆蟲館,museum,POINT (121.5232306 25.0433917),25.0433917,121.5232306
風櫃嘴觀景台,viewpoint,POINT (121.6026426 25.1371492),25.1371492,121.6026426
波切不動明王尊,attraction,POINT (121.5097269 25.1341006),25.1341006,121.5097269
熱海岩場頂部,viewpoint,POINT (121.5132511 25.134142),25.134142,121.5132511
太子亭遺跡,attraction,POINT (121.5432324 25.148061),25.148061,121.5432324
袖珍博物館,museum,POINT (121.5361672 25.0502862),25.0502862,121.5361672
長榮海事博物館,museum,POINT (121.5187561 25.038662),25.038662,121.5187561
荷風閣,viewpoint,POINT (121.5111447 25.0316361),25.0316361,121.5111447
觀景點,viewpoint,POINT (121.5327262 25.1035886),25.1035886,121.5327262
鄭南榕自由紀念館,museum,POINT (121.5455665 25.061535),25.061535,121.5455665
夢幻湖觀景台,viewpoint,POINT (121.5604093 25.1669557),25.1669557,121.5604093
恐龍接吻石,attraction,POINT (121.5529708 25.1692721),25.1692721,121.5529708
七星錐(祭壇、月形池),attraction,POINT (121.5531916 25.169082),25.169082,121.5531916
孫運璿科技．人文紀念館,museum,POINT (121.5115224 25.0335779),25.0335779,121.5115224
大邱田石壁洞,attraction,POINT (121.6066294 25.1065832),25.1065832,121.6066294
彩繪階梯,attraction,POINT (121.5332533 25.0429157),25.0429157,121.5332533
一線天,attraction,POINT (121.5764559 25.0282361),25.0282361,121.5764559
百年楓香觀景台,viewpoint,POINT (121.5321208 25.1558152),25.1558152,121.5321208
大砥石,attraction,POINT (121.5209672 25.07198),25.07198,121.5209672
文化大學後山夜景,viewpoint,POINT (121.5394897 25.1339831),25.1339831,121.5394897
政大民族學博物館,museum,POINT (121.5734768 24.9861962),24.9861962,121.5734768
大同工學院科學博物館,museum,POINT (121.5215226 25.0645887),25.0645887,121.5215226
大砲岩,viewpoint,POINT (121.5202041 25.1423847),25.1423847,121.5202041
石油展示館,museum,POINT (121.5696281 25.0394556),25.0394556,121.5696281
章嘉活佛舍利塔,attraction,POINT (121.5076271 25.1310982),25.1310982,121.5076271
三石頭陀奇岩,attraction,POINT (121.5084137 25.1286438),25.1286438,121.5084137
歪腰郵筒,attraction,POINT (121.5404049 25.0527095),25.0527095,121.5404049
尖帽峽風動石,viewpoint,POINT (121.5413967 25.1516545),25.1516545,121.5413967
觀景台,viewpoint,POINT (121.5101023 25.147837),25.147837,121.5101023
歷史文物陳列館,museum,POINT (121.6163726 25.0395231),25.0395231,121.6163726
科學展演探索基地,attraction,POINT (121.5172568 25.0958988),25.0958988,121.5172568
華朋瞭望台,viewpoint,POINT (121.5809371 25.1088725),25.1088725,121.5809371
觀景台,viewpoint,POINT (121.5402455 25.1671565),25.1671565,121.5402455
鳳甲美術館,museum,POINT (121.4991489 25.1252814),25.1252814,121.4991489
相思彎,viewpoint,POINT (121.5022268 25.1539426),25.1539426,121.5022268
三腳渡擺渡口,attraction,POINT (121.5173757 25.080788),25.080788,121.5173757
螢火蟲復育池,attraction,POINT (121.5355399 25.0307916),25.0307916,121.5355399
永春崗平台,viewpoint,POINT (121.5769931 25.0290014),25.0290014,121.5769931
巨石園,attraction,POINT (121.577365 25.0288457),25.0288457,121.577365
萬華故事館,museum,POINT (121.5065806 25.0239289),25.0239289,121.5065806
根抱石,attraction,POINT (121.5454129 24.9913444),24.9913444,121.5454129
幸福公路館-台灣公路博物館,museum,POINT (121.4966944 25.0269655),25.0269655,121.4966944
冷水坑公共溫泉浴室,attraction,POINT (121.562729 25.1678121),25.1678121,121.562729
棣慕華牧師紀念館,museum,POINT (121.5423372 25.0055138),25.0055138,121.5423372
誠石,viewpoint,POINT (121.5607876 24.9981088),24.9981088,121.5607876
第一銀行行史館,museum,POINT (121.5250272 25.0492659),25.0492659,121.5250272
賞鳥平台,viewpoint,POINT (121.5348369 25.0310357),25.0310357,121.5348369
賞鳥平台,viewpoint,POINT (121.5344818 25.0319702),25.0319702,121.5344818
人頭結核,attraction,POINT (121.5475576 24.9921058),24.9921058,121.5475576
丹頂鶴,attraction,POINT (121.590887 24.9951447),24.9951447,121.590887
鶴,attraction,POINT (121.5909274 24.9953463),24.9953463,121.5909274
黑森林,attraction,POINT (121.5382006 25.17257),25.17257,121.5382006
竹子湖黑森林,attraction,POINT (121.536829 25.1740432),25.1740432,121.536829
觀景台,viewpoint,POINT (121.5503256 25.0644033),25.0644033,121.5503256
台大鐘樓,attraction,POINT (121.5409639 25.0179456),25.0179456,121.5409639
陽明山-觀音山-淡水基隆河-中山高速公路,viewpoint,POINT (121.5283295 25.0841345),25.0841345,121.5283295
台北101觀景台,attraction,POINT (121.5648104 25.0335248),25.0335248,121.5648104
心臟血管主題園區,attraction,POINT (121.5799611 25.1046327),25.1046327,121.5799611
遙控飛機跑道,attraction,POINT (121.4999003 25.0144079),25.0144079,121.4999003
東林草莓農園,attraction,POINT (121.5931908 25.1010978),25.1010978,121.5931908
觀景台,viewpoint,POINT (121.6032148 25.080602),25.080602,121.6032148
法船石,attraction,POINT (121.509098 25.1350911),25.1350911,121.509098
葫蘆洲吊橋 遺址,attraction,POINT (121.6066125 25.0601184),25.0601184,121.6066125
五分吊橋 遺址,attraction,POINT (121.6139064 25.0652524),25.0652524,121.6139064
大屯山助航站觀景台,viewpoint,POINT (121.5226259 25.1746928),25.1746928,121.5226259
迪化207博物館,museum,POINT (121.5095244 25.0595142),25.0595142,121.5095244
第九號蒸汽車頭,attraction,POINT (121.5144472 25.0431969),25.0431969,121.5144472
騰雲號,attraction,POINT (121.5143844 25.0431973),25.0431973,121.5143844
天溪園由來景觀,viewpoint,POINT (121.5947283 25.1328873),25.1328873,121.5947283
自然生態演替區,viewpoint,POINT (121.5573332 25.0156602),25.0156602,121.5573332
涵洞遺址,viewpoint,POINT (121.5571837 25.0167867),25.0167867,121.5571837
賞蝶區,viewpoint,POINT (121.5573754 25.0160619),25.0160619,121.5573754
濕地生態觀察區,viewpoint,POINT (121.5574335 25.0151055),25.0151055,121.5574335
風衝林平台,viewpoint,POINT (121.5833072 25.1135268),25.1135268,121.5833072
黑桃平台,viewpoint,POINT (121.5808653 25.1096952),25.1096952,121.5808653
北農,attraction,POINT (121.5361978 25.1586472),25.1586472,121.5361978
梯田景觀,viewpoint,POINT (121.5851585 25.1309605),25.1309605,121.5851585
坪頂古圳水道涵洞口,attraction,POINT (121.583238 25.1346245),25.1346245,121.583238
風化岩壁景觀,attraction,POINT (121.6199542 25.0869313),25.0869313,121.6199542
廟中廟,attraction,POINT (121.6135711 25.0857832),25.0857832,121.6135711
風行咖啡觀光果園,attraction,POINT (121.5865665 25.1386289),25.1386289,121.5865665
風動草休閒農園,attraction,POINT (121.5871465 25.1388613),25.1388613,121.5871465
觀音山夕照,viewpoint,POINT (121.5671538 25.1012213),25.1012213,121.5671538
美麗華摩天輪,attraction,POINT (121.5577156 25.082807),25.082807,121.5577156
坪頂古圳取水源頭,attraction,POINT (121.5812902 25.1444166),25.1444166,121.5812902
台北探索館,museum,POINT (121.5641067 25.0374227),25.0374227,121.5641067
鯉魚山小人國,attraction,POINT (121.5928377 25.0951014),25.0951014,121.5928377
跨堤平台,viewpoint,POINT (121.522634 25.0201087),25.0201087,121.522634
心經牆,attraction,POINT (121.5864576 25.0916656),25.0916656,121.5864576
十八羅漢,attraction,POINT (121.5867331 25.0914006),25.0914006,121.5867331
台灣癌症博物館,museum,POINT (121.4718176 25.1293687),25.1293687,121.4718176
海關博物館,museum,POINT (121.5113667 25.0509158),25.0509158,121.5113667
國立臺灣大學醫學人文博物館,museum,POINT (121.5185329 25.0395961),25.0395961,121.5185329
硫磺谷,attraction,POINT (121.5234841 25.143663),25.143663,121.5234841
郵政博物館臺北館,museum,POINT (121.5115003 25.0470084),25.0470084,121.5115003
國史館展場,museum,POINT (121.5108938 25.0398684),25.0398684,121.5108938
福壽岩,viewpoint,POINT (121.591688 25.0307748),25.0307748,121.591688
基隆河城市景觀大景,viewpoint,POINT (121.5883718 25.0286073),25.0286073,121.5883718
樂水觀景台,viewpoint,POINT (121.5316265 25.1507468),25.1507468,121.5316265
樂山觀景台,viewpoint,POINT (121.5316392 25.1519192),25.1519192,121.5316392
石牌漢番界碑,attraction,POINT (121.5151774 25.1150719),25.1150719,121.5151774
梅花平台,viewpoint,POINT (121.5810612 25.1105178),25.1105178,121.5810612
巨木瞭望台,viewpoint,POINT (121.5806677 25.107898),25.107898,121.5806677
原住民族文化產業推展中心,museum,POINT (121.5194258 25.0315586),25.0315586,121.5194258
小尖山草莓園,attraction,POINT (121.5916271 25.099669),25.099669,121.5916271
人面石觀景點,viewpoint,POINT (121.5382406 25.1868908),25.1868908,121.5382406
大石展望點,viewpoint,POINT (121.5987097 25.1305097),25.1305097,121.5987097
洗腳池與洗衣池,attraction,POINT (121.5686526 25.1198352),25.1198352,121.5686526
千禧地標,attraction,POINT (121.5612162 25.0842168),25.0842168,121.5612162
健康歩道,attraction,POINT (121.5208149 25.0334127),25.0334127,121.5208149
丹鳳鐵塔,attraction,POINT (121.5127998 25.1337113),25.1337113,121.5127998
潛園,attraction,POINT (121.5531743 25.0919584),25.0919584,121.5531743
帕米爾文物館,attraction,POINT (121.5922086 25.1216274),25.1216274,121.5922086
廢汽車,attraction,POINT (121.5756679 25.1930673),25.1930673,121.5756679
青山石敢當,attraction,POINT (121.5758577 25.1867337),25.1867337,121.5758577
許願樹,attraction,POINT (121.5889392 25.1044836),25.1044836,121.5889392
茶展中心拓印亭,attraction,POINT (121.5957501 24.9690611),24.9690611,121.5957501
樟山寺拓印亭,attraction,POINT (121.5795622 24.9730257),24.9730257,121.5795622
唐山帆船造景,attraction,POINT (121.5076962 25.0569726),25.0569726,121.5076962
方塊平台,viewpoint,POINT (121.5813302 25.1095058),25.1095058,121.5813302
幾米月亮公車,attraction,POINT (121.565655 25.0326896),25.0326896,121.565655
次生林觀察區,viewpoint,POINT (121.5576836 25.0163596),25.0163596,121.5576836
臺灣漫畫基地,museum,POINT (121.5160797 25.0500053),25.0500053,121.5160797
機車瀑布,viewpoint,POINT (121.5110945 25.0627235),25.0627235,121.5110945
台車,attraction,POINT (121.5925494 25.0896978),25.0896978,121.5925494
清代打石場遺跡,attraction,POINT (121.5681798 25.0904992),25.0904992,121.5681798
台灣國家婦女館,museum,POINT (121.5269228 25.0430712),25.0430712,121.5269228
觀景台,viewpoint,POINT (121.5032519 25.1549056),25.1549056,121.5032519
藝文特區,attraction,POINT (121.5378114 25.0328581),25.0328581,121.5378114
新芳春,museum,POINT (121.5126071 25.0571057),25.0571057,121.5126071
樹抱石,attraction,POINT (121.5679142 25.1223526),25.1223526,121.5679142
智慧化居住空間展示中心,museum,POINT (121.5367386 24.9986215),24.9986215,121.5367386
飛機拍攝點,viewpoint,POINT (121.5318089 25.0703262),25.0703262,121.5318089
松石草原,attraction,POINT (121.5733808 25.1532178),25.1532178,121.5733808
關渡秘境花海,attraction,POINT (121.4955933 25.1159755),25.1159755,121.4955933
迷鹿岩,attraction,POINT (121.5203176 25.1423863),25.1423863,121.5203176
白臼樹石地坪,attraction,POINT (121.5681226 25.0901233),25.0901233,121.5681226
擎天崗草原,viewpoint,POINT (121.5755813 25.1649758),25.1649758,121.5755813
東湖櫻花林,attraction,POINT (121.6189645 25.0681123),25.0681123,121.6189645
菁山吊橋,attraction,POINT (121.5656945 25.1664341),25.1664341,121.5656945
臺灣銀行文物館,museum,POINT (121.5112589 25.0414149),25.0414149,121.5112589
鵝膏嶺,attraction,POINT (121.6128416 24.9736163),24.9736163,121.6128416
台北市夜景,viewpoint,POINT (121.516594 25.1234283),25.1234283,121.516594
格物台(美麗華飛機101捷運大景),attraction,POINT (121.555481 25.0882518),25.0882518,121.555481
關渡碼頭觀景臺,viewpoint,POINT (121.4636651 25.1161742),25.1161742,121.4636651
台灣幸福石,attraction,POINT (121.5095358 25.1342194),25.1342194,121.5095358
南港公園,attraction,POINT (121.5908874 25.0412675),25.0412675,121.5908874
弘法大師岩,attraction,POINT (121.5096496 25.1340787),25.1340787,121.5096496
創藝小客廳,attraction,POINT (121.5320881 25.0105797),25.0105797,121.5320881
華岡博物館,museum,POINT (121.5406665 25.1373457),25.1373457,121.5406665
信箱牆,attraction,POINT (121.5328746 25.0105485),25.0105485,121.5328746
牛奶湖觀景台,attraction,POINT (121.5643454 25.1663004),25.1663004,121.5643454
青年公園苗圃,attraction,POINT (121.5040067 25.0212845),25.0212845,121.5040067
101、102賞景平台,viewpoint,POINT (121.5769749 25.0314805),25.0314805,121.5769749
士林萌虎,attraction,POINT (121.5252819 25.0892646),25.0892646,121.5252819
臺北植物園苗圃,attraction,POINT (121.5081815 25.0330997),25.0330997,121.5081815
德興礦坑,attraction,POINT (121.5732155 25.0153771),25.0153771,121.5732155
鵝尾山水田,attraction,POINT (121.5738833 25.1278289),25.1278289,121.5738833
台灣石,attraction,POINT (121.5813708 25.1542041),25.1542041,121.5813708
美麗華夜景,attraction,POINT (121.5498565 25.0898863),25.0898863,121.5498565
看飛機起降,attraction,POINT (121.5287278 25.0833348),25.0833348,121.5287278
水禽觀察區,viewpoint,POINT (121.5837099 24.9941275),24.9941275,121.5837099
菩提岩,viewpoint,POINT (121.5436882 25.1893083),25.1893083,121.5436882
內厝溪櫻木花廊,attraction,POINT (121.5789157 25.1376959),25.1376959,121.5789157
蒙藏文化中心,museum,POINT (121.5313851 25.0277387),25.0277387,121.5313851
F-5E戰鬥機 #5197,attraction,POINT (121.5975172 25.0716654),25.0716654,121.5975172
坪頂新圳取水源頭,attraction,POINT (121.582245 25.1412531),25.1412531,121.582245
國家鐵道博物館籌備處,museum,POINT (121.5641331 25.0474009),25.0474009,121.5641331
象牙岩,attraction,POINT (121.5774493 25.0287306),25.0287306,121.5774493
一線天,attraction,POINT (121.5756914 25.0256772),25.0256772,121.5756914
地理絡記碑,attraction,POINT (121.5244699 25.0531734),25.0531734,121.5244699
警政署警察史蹟館,museum,POINT (121.5227109 25.0454126),25.0454126,121.5227109
Hot stone chairs,attraction,POINT (121.5113339 25.1378856),25.1378856,121.5113339
小紅厝月經博物館,museum,POINT (121.5151934 25.0744827),25.0744827,121.5151934
觀蛙台,attraction,POINT (121.5484978 24.9950044),24.9950044,121.5484978
探索平台,attraction,POINT (121.5485488 24.9956268),24.9956268,121.5485488
尋蹤平台,attraction,POINT (121.5492623 24.9950956),24.9950956,121.5492623
森心平台,attraction,POINT (121.5490061 24.9953582),24.9953582,121.5490061
Taipei Lumitree,attraction,POINT (121.5492069 25.0322437),25.0322437,121.5492069
林森紀念堂,museum,POINT (121.5149541 25.0299064),25.0299064,121.5149541
醉月湖,attraction,"POLYGON ((121.5374259 25.0195471, 121.5374156 25.0195634, 121.5374069 25.0195801, 121.5373988 25.0196038, 121.5373968 25.0196332, 121.5373972 25.0196506, 121.5373995 25.0196742, 121.5374069 25.0196943, 121.5374156 25.019715, 121.5374258 25.0197323, 121.537402 25.0197449, 121.5374237 25.0197741, 121.5374485 25.0197967, 121.5374746 25.0198055, 121.5374994 25.0198076, 121.5375219 25.019807, 121.5375578 25.0198031, 121.537591 25.0198019, 121.5376134 25.019804, 121.5376348 25.0198091, 121.53765 25.0198195, 121.5376641 25.0198371, 121.5376708 25.0198509, 121.5376734 25.0198562, 121.5376818 25.0198726, 121.5376854 25.0198868, 121.5376842 25.0199118, 121.5376808 25.0199267, 121.5376718 25.0199367, 121.5376583 25.0199446, 121.5376399 25.0199492, 121.5376248 25.0199583, 121.5376166 25.0199687, 121.5375973 25.0200136, 121.5375946 25.0200291, 121.5375889 25.0200416, 121.5375449 25.0201016, 121.5375115 25.0201628, 121.5374565 25.0202387, 121.5374022 25.0203183, 121.537309 25.0204326, 121.5372728 25.0204813, 121.5372325 25.0205639, 121.5372171 25.020593, 121.5371722 25.0206641, 121.53713 25.0207415, 121.5371266 25.0207604, 121.537132 25.0207777, 121.5371454 25.0207953, 121.5371668 25.0208102, 121.5372061 25.020832, 121.5372332 25.0208424, 121.5372724 25.0208546, 121.5372966 25.0208646, 121.5373123 25.0208731, 121.5373182 25.0208641, 121.5373858 25.0208916, 121.5373811 25.0208998, 121.5374019 25.0209023, 121.5374387 25.0209132, 121.537491 25.020926, 121.5375309 25.0209389, 121.5375611 25.0209425, 121.5376101 25.0209436, 121.5376305 25.020939, 121.5376406 25.0209296, 121.5376778 25.0208807, 121.5377102 25.020834, 121.5377549 25.020782, 121.5377699 25.0207603, 121.5379024 25.020467, 121.537893 25.0204599, 121.5378798 25.0204544, 121.5378704 25.0204447, 121.5378649 25.0204338, 121.5378602 25.0204153, 121.5378598 25.0203991, 121.537865 25.0203799, 121.5378761 25.0203615, 121.5379308 25.0203041, 121.5379423 25.0203031, 121.5379944 25.020269, 121.5380156 25.0202526, 121.5380285 25.0202424, 121.5380427 25.0202265, 121.538056 25.0202084, 121.5380696 25.0201839, 121.5380811 25.0201546, 121.5380885 25.0201239, 121.5380897 25.0201101, 121.5380887 25.0200964, 121.5380831 25.0200823, 121.5380717 25.0200689, 121.5380422 25.0200458, 121.5379966 25.0200209, 121.5379658 25.0199664, 121.5379168 25.0199173, 121.5378673 25.0198778, 121.5378468 25.019868, 121.537824 25.019862, 121.5378062 25.0198523, 121.5377938 25.0198629, 121.537778 25.0198736, 121.5377569 25.0198793, 121.5377354 25.0198799, 121.5377108 25.019875, 121.5376991 25.0198594, 121.5376939 25.0198447, 121.5376994 25.0198397, 121.5376922 25.0198237, 121.5376925 25.0198046, 121.5376966 25.0197903, 121.5376959 25.0197769, 121.5376922 25.0197636, 121.5376902 25.0197484, 121.5376925 25.0197393, 121.5377036 25.0197326, 121.5377192 25.0197297, 121.5377301 25.0197308, 121.5377418 25.019732, 121.5377505 25.0197329, 121.5377517 25.019754, 121.5377564 25.0197686, 121.5377718 25.0197712, 121.5377871 25.0197827, 121.5377955 25.0197958, 121.5378004 25.0198081, 121.5378572 25.0198113, 121.5378758 25.0198048, 121.5378914 25.0197936, 121.5379068 25.0197785, 121.5379172 25.0197639, 121.5379316 25.0197335, 121.5379314 25.0197247, 121.5379264 25.0197188, 121.5379264 25.0197115, 121.5379303 25.0197046, 121.5379306 25.0196952, 121.5379246 25.0196873, 121.5379152 25.0196843, 121.5378947 25.0196867, 121.5378749 25.0196879, 121.5378666 25.0196828, 121.5378635 25.0196773, 121.5378645 25.0196688, 121.5378719 25.0196597, 121.5378738 25.0196513, 121.5378689 25.0196463, 121.5378501 25.0196427, 121.5378226 25.0196493, 121.5377931 25.019667, 121.537767 25.0196894, 121.5377534 25.0197099, 121.5377434 25.0197089, 121.5377318 25.0197078, 121.5377187 25.0197065, 121.537708 25.0197019, 121.5376972 25.0196931, 121.5376855 25.0196806, 121.5376808 25.0196648, 121.5376823 25.0195691, 121.5376857 25.019558, 121.5376895 25.0195518, 121.5376941 25.0195457, 121.5377014 25.0195375, 121.5377036 25.0195278, 121.5377019 25.0195184, 121.5376944 25.0194891, 121.5376858 25.0194631, 121.5376754 25.0194455, 121.5376651 25.0194354, 121.5376493 25.0194294, 121.5376367 25.0194297, 121.537625 25.0194347, 121.5376121 25.0194423, 121.5375725 25.0194425, 121.5375708 25.0194045, 121.5375504 25.0194048, 121.5375303 25.0194084, 121.5375021 25.0194187, 121.5374706 25.0194327, 121.537446 25.0194517, 121.5374347 25.0194652, 121.5374066 25.0195096, 121.5373965 25.0195385, 121.5374259 25.0195471), (121.5375845 25.0204084, 121.5375971 25.0203996, 121.5376103 25.0203903, 121.5376423 25.0204027, 121.5376431 25.0204343, 121.5376181 25.0204503, 121.5375868 25.0204376, 121.5375845 25.0204084))",25.020278817153514,121.53761850416217
剝皮寮歷史街區,attraction,"POLYGON ((121.5016479 25.0371565, 121.5023447 25.0370394, 121.5028558 25.0369469, 121.5028397 25.0368672, 121.5033396 25.0367725, 121.5033538 25.0368166, 121.5034167 25.0368019, 121.5034293 25.0368246, 121.503509 25.0368175, 121.5035014 25.0367826, 121.5034679 25.0366292, 121.5034566 25.0365775, 121.5025085 25.0366304, 121.5020777 25.0366545, 121.5015523 25.0366747, 121.501598 25.0369244, 121.5016024 25.0369485, 121.5016082 25.0369804, 121.5016213 25.0370744, 121.5016479 25.0371565))",25.036821595831153,121.50239363601064
傅園,attraction,"POLYGON ((121.5332566 25.016089, 121.5339631 25.0167526, 121.5339875 25.0167303, 121.5339809 25.0167237, 121.5340141 25.0166927, 121.5340215 25.0166858, 121.5340343 25.0166751, 121.5340979 25.0167403, 121.5341172 25.0167601, 121.5341344 25.0167454, 121.5341405 25.0164544, 121.5340977 25.0164312, 121.5340978 25.0164225, 121.5340992 25.0163424, 121.5341047 25.0160167, 121.5341058 25.0159486, 121.5341069 25.0158822, 121.5341074 25.0158537, 121.5340833 25.0158533, 121.534088 25.0156435, 121.5340289 25.0155496, 121.533916 25.0154533, 121.5332566 25.016089))",25.016108696436675,121.5338071790468
國民革命忠烈祠,attraction,"POLYGON ((121.5320477 25.0803691, 121.5321714 25.0803877, 121.532166 25.0804537, 121.5322791 25.080472, 121.5322441 25.0806381, 121.5332599 25.0808012, 121.5335231 25.0795363, 121.5337244 25.0783543, 121.5334531 25.0783224, 121.5334416 25.0783518, 121.5334203 25.0783799, 121.5333964 25.0784033, 121.5333671 25.078423, 121.5332713 25.0784101, 121.5331145 25.0783891, 121.532973 25.0783702, 121.5328854 25.0783584, 121.5328524 25.0783341, 121.5328287 25.0783051, 121.5328121 25.0782752, 121.5328039 25.0782414, 121.5325515 25.0782167, 121.5324291 25.0785206, 121.5325148 25.0786655, 121.5323348 25.0793499, 121.5322262 25.0793202, 121.5322013 25.0794064, 121.5322061 25.0801018, 121.5320668 25.0801755, 121.5320477 25.0803691))",25.079519191848092,121.53290145864257
華山文創園區,attraction,"POLYGON ((121.5272752 25.0450206, 121.5272405 25.0450295, 121.5273354 25.0454119, 121.5273505 25.0454411, 121.5273644 25.0454514, 121.5273848 25.0455213, 121.5274019 25.0455798, 121.528393 25.045339, 121.5284523 25.0453038, 121.528647 25.0451704, 121.5287406 25.0451967, 121.5287355 25.0452118, 121.5287648 25.04522, 121.5288638 25.0452406, 121.5288683 25.0452228, 121.5289736 25.0452448, 121.5294069 25.0453352, 121.5293737 25.0454639, 121.5293803 25.0454653, 121.529369 25.0455093, 121.5295508 25.0455478, 121.52958 25.0454279, 121.5299302 25.0454979, 121.5299487 25.0455128, 121.5299678 25.0455228, 121.5299938 25.0455328, 121.5300244 25.0455395, 121.5300774 25.045545, 121.5301633 25.0455456, 121.5302263 25.0455369, 121.530347 25.0455113, 121.5303269 25.0454241, 121.530173 25.0448886, 121.5300303 25.0443949, 121.5299793 25.0442288, 121.5299839 25.0442108, 121.5299697 25.0442078, 121.5299623 25.0441824, 121.5299531 25.0441805, 121.5299369 25.0441246, 121.5298514 25.0438291, 121.5298447 25.0438203, 121.5298491 25.0438133, 121.5298466 25.0437932, 121.529838 25.0437642, 121.5298203 25.0437538, 121.5291661 25.0435937, 121.5291028 25.0435827, 121.5290646 25.0435821, 121.5290285 25.0435896, 121.5288694 25.0436335, 121.5288619 25.0436357, 121.5287199 25.0436775, 121.5286632 25.0437082, 121.5285392 25.0437421, 121.5285787 25.0438637, 121.5285881 25.0439389, 121.528508 25.0442632, 121.5284875 25.044336, 121.5284677 25.0444059, 121.528455 25.0444509, 121.5282351 25.0444478, 121.5282244 25.0444472, 121.528238 25.0444918, 121.5283094 25.044726, 121.528309 25.0447267, 121.5282805 25.0447835, 121.5282724 25.0447855, 121.528234 25.0447952, 121.5282327 25.0447911, 121.5272752 25.0450206))",25.04469834713543,121.52902860874443
經國七海文化園區,attraction,"POLYGON ((121.5349393 25.0780835, 121.5350628 25.0782911, 121.5350617 25.0784442, 121.5351238 25.0784442, 121.5351662 25.0784442, 121.5351983 25.0784218, 121.5357126 25.0789018, 121.5357006 25.0789844, 121.5357464 25.0790332, 121.5358632 25.0791357, 121.5358461 25.0791556, 121.5356023 25.07944, 121.5361429 25.079787, 121.5362776 25.0796283, 121.5365215 25.0793409, 121.5377425 25.0794002, 121.5377467 25.0792843, 121.5377889 25.0781215, 121.5377205 25.0781009, 121.537659 25.0780742, 121.5376127 25.0780365, 121.5375738 25.0779977, 121.537537 25.0779393, 121.5351164 25.078074, 121.5349393 25.0780835))",25.07869157722421,121.53656512312025
國立臺灣博物館 南門園區,museum,"POLYGON ((121.5155667 25.0336704, 121.5158955 25.0338693, 121.5160805 25.0339833, 121.5165251 25.0333741, 121.5160047 25.0330548, 121.5159094 25.0331898, 121.5158349 25.0332915, 121.5158372 25.0332928, 121.5158187 25.0333176, 121.5158025 25.0333073, 121.5157424 25.033387, 121.5157597 25.0333975, 121.5155709 25.0336536, 121.5155763 25.033657, 121.5155667 25.0336704))",25.033518997306413,121.51604270812955
林安泰古厝,museum,"POLYGON ((121.530353 25.0723409, 121.530175 25.072424, 121.5302774 25.0726037, 121.5306217 25.072443, 121.5305194 25.0722632, 121.530353 25.0723409), (121.5304889 25.0723849, 121.5304626 25.0723426, 121.5304806 25.0723335, 121.5305069 25.0723757, 121.5304889 25.0723849), (121.5304353 25.0724221, 121.5303624 25.0724532, 121.5303417 25.0724134, 121.5304147 25.0723823, 121.5304353 25.0724221), (121.5305311 25.0724261, 121.5305127 25.0724357, 121.5305 25.0724156, 121.5305184 25.072406, 121.5305311 25.0724261), (121.5303021 25.0724661, 121.5302851 25.0724734, 121.5302584 25.0724224, 121.5302754 25.0724151, 121.5303021 25.0724661), (121.5303362 25.0725402, 121.5303177 25.0725482, 121.5302964 25.0725079, 121.5303149 25.0724999, 121.5303362 25.0725402))",25.07243405532256,121.53039966222394
迪化街商圈,attraction,"MULTIPOLYGON (((121.5098834 25.0537891, 121.509819 25.0542872, 121.5097734 25.0546979, 121.5097655 25.0547742, 121.5096742 25.0556576, 121.5095267 25.056841, 121.5107873 25.0568798, 121.5107873 25.0566879, 121.5109764 25.0539106, 121.5109342 25.0538869, 121.5103045 25.0538231, 121.5101677 25.0538134, 121.5101543 25.05376, 121.5100085 25.0537745, 121.5098834 25.0537891)), ((121.5095502 25.0576063, 121.5095079 25.0581652, 121.5099853 25.0581943, 121.5100061 25.0580558, 121.5100765 25.0573002, 121.5101463 25.0572662, 121.5101999 25.0570038, 121.5096044 25.0569843, 121.5095502 25.0576063)))",25.055696415303565,121.51021687831543
國立台灣藝術教育館,museum,"MULTIPOLYGON (((121.5115689 25.0318453, 121.5116648 25.0318431, 121.5117661 25.0319123, 121.5119402 25.0318393, 121.5119422 25.0316622, 121.5117766 25.0315681, 121.5116083 25.0316282, 121.5115548 25.0316837, 121.5115689 25.0318453)), ((121.5119409 25.0322779, 121.5117502 25.0322755, 121.5117489 25.0323652, 121.5117457 25.0325716, 121.5117553 25.0325718, 121.5117519 25.0327908, 121.5117636 25.0327909, 121.5117624 25.0328651, 121.5119534 25.0328675, 121.5119528 25.0329128, 121.5122475 25.0329165, 121.5122471 25.0329379, 121.5122969 25.0329385, 121.5122983 25.0328486, 121.5122599 25.0328481, 121.5121672 25.0328469, 121.5121681 25.0327834, 121.5122879 25.0327849, 121.5122877 25.0328002, 121.5123398 25.0328009, 121.5123477 25.0322868, 121.5121566 25.0322844, 121.5121558 25.0323362, 121.512284 25.0323377, 121.5122829 25.0324072, 121.5121916 25.0324061, 121.5121892 25.0325623, 121.5122352 25.0325629, 121.5122336 25.0326648, 121.5120327 25.0326623, 121.5119329 25.032661, 121.5118087 25.0326594, 121.5118101 25.0325702, 121.5119134 25.0325715, 121.511916 25.0323998, 121.5118182 25.0323986, 121.5118192 25.0323298, 121.51194 25.0323313, 121.5119409 25.0322779)))",25.03236625932429,121.51195781415059
台北國際藝術村,attraction,"POLYGON ((121.5313189 25.0103638, 121.5313829 25.0103935, 121.5314345 25.0104101, 121.5314801 25.0105052, 121.5314953 25.0105346, 121.5315566 25.0107336, 121.5318214 25.0108218, 121.5319281 25.0108747, 121.5320742 25.0109318, 121.5322284 25.0109725, 121.5324267 25.0110219, 121.5325253 25.0110379, 121.5326936 25.010994, 121.5328484 25.0109424, 121.5328773 25.0109249, 121.5329593 25.0108637, 121.5331022 25.0107987, 121.5330785 25.0107059, 121.5329857 25.0107223, 121.532892 25.0104437, 121.5328902 25.0104385, 121.5329242 25.0103171, 121.5327298 25.0102924, 121.5325029 25.010243, 121.5324171 25.010212, 121.5322919 25.010121, 121.5322636 25.0100882, 121.5322184 25.0100787, 121.5321635 25.0100671, 121.5320737 25.0100826, 121.5317652 25.0101098, 121.5316688 25.01011, 121.5316573 25.0100991, 121.5314734 25.0101001, 121.5314909 25.0101267, 121.5314771 25.0102041, 121.5312908 25.0102098, 121.5312827 25.0103082, 121.5313189 25.0103638))",25.0105376737321,121.53220085122958
臺北市立美術館,museum,"POLYGON ((121.5243855 25.0716141, 121.5243934 25.0716388, 121.5245726 25.0715919, 121.5245437 25.0715014, 121.5245219 25.0715071, 121.5245046 25.0714526, 121.5244301 25.0714721, 121.5243625 25.0715349, 121.5243577 25.0715307, 121.5241798 25.0715788, 121.5241691 25.0715817, 121.5241528 25.0715862, 121.5241428 25.071556, 121.5241006 25.0715674, 121.5241113 25.0715997, 121.5241099 25.0716001, 121.5240209 25.071624, 121.5242305 25.0721601, 121.5241999 25.0721688, 121.5242113 25.0722014, 121.5242438 25.0721921, 121.5242649 25.0722526, 121.5243147 25.0722384, 121.5243853 25.0722295, 121.5244116 25.0722163, 121.5244654 25.07241, 121.5245584 25.0723888, 121.5245385 25.0723173, 121.5245877 25.0723061, 121.5246617 25.0725726, 121.5247041 25.0725629, 121.524708 25.072577, 121.5250023 25.0725102, 121.5249994 25.0724997, 121.5250401 25.0724904, 121.5249633 25.0722118, 121.5250269 25.0721974, 121.5250493 25.0722786, 121.5251328 25.0722598, 121.525078 25.0720612, 121.5251475 25.0720455, 121.5251285 25.0719765, 121.525055 25.0719931, 121.5250023 25.0718021, 121.5250742 25.0717858, 121.5250563 25.071721, 121.524982 25.0717378, 121.5249592 25.071602, 121.5249406 25.0716083, 121.5249203 25.0715302, 121.5245179 25.0716274, 121.5245529 25.0717467, 121.5243936 25.0717871, 121.5243865 25.0717621, 121.5243043 25.0717834, 121.5243087 25.0718045, 121.5242264 25.0718193, 121.5241859 25.0716824, 121.5243855 25.0716141), (121.5242717 25.0719621, 121.5243459 25.0719452, 121.5243603 25.0719972, 121.5242875 25.0720139, 121.5242717 25.0719621), (121.5243085 25.0720837, 121.5243798 25.0720676, 121.5243986 25.0721353, 121.5243294 25.072151, 121.5243085 25.0720837))",25.07199924747664,121.52464108082837
量水室古蹟廣場,attraction,"POLYGON ((121.5342436 25.0126, 121.5340583 25.0124229, 121.5339127 25.0123517, 121.5339106 25.0123454, 121.5339042 25.0123471, 121.5338798 25.0123358, 121.5338147 25.0123056, 121.533736 25.0122096, 121.5337319 25.0121953, 121.5337313 25.0121835, 121.5337111 25.0121838, 121.5337239 25.0121397, 121.5336154 25.0121154, 121.5336196 25.012175, 121.5337235 25.0123977, 121.5337396 25.0124384, 121.533743 25.012459, 121.5337427 25.0124821, 121.533739 25.0125016, 121.5337299 25.0125222, 121.5337024 25.0125575, 121.5336696 25.0125885, 121.5336531 25.0126067, 121.5336461 25.0126231, 121.5336307 25.0126663, 121.5336397 25.0126887, 121.5336256 25.0127334, 121.5335894 25.0127532, 121.5335754 25.0127647, 121.5335407 25.0127732, 121.5334852 25.0128563, 121.5337531 25.0129506, 121.5337529 25.0129655, 121.533766 25.0129458, 121.5337983 25.0129124, 121.5338184 25.0129039, 121.533856 25.0129017, 121.5341101 25.012734, 121.5342436 25.0126152, 121.5342436 25.0126), (121.5338346 25.0123662, 121.533829 25.0123491, 121.533876 25.0123352, 121.5339039 25.0123475, 121.5339105 25.0123458, 121.533916 25.012362, 121.5339361 25.0123716, 121.5339696 25.012384, 121.5339552 25.0124159, 121.5339281 25.0124773, 121.5340741 25.012525, 121.5341274 25.012614, 121.5340984 25.0126283, 121.5340514 25.0125499, 121.5338766 25.0124918, 121.5338727 25.0125004, 121.5338412 25.0124888, 121.5338545 25.012459, 121.533886 25.0124705, 121.5339026 25.0124365, 121.5338537 25.0124258, 121.5338453 25.0124002, 121.5338346 25.0123662), (121.5338062 25.0127257, 121.5337874 25.0127188, 121.5337887 25.0127158, 121.5337228 25.0126914, 121.5337226 25.0126914, 121.5337206 25.0126959, 121.5337018 25.012689, 121.5337092 25.0126724, 121.5337138 25.0126741, 121.5337407 25.0126144, 121.533733 25.0126115, 121.5337405 25.0125949, 121.5337593 25.0126019, 121.5337571 25.0126068, 121.533824 25.0126315, 121.533827 25.0126247, 121.5338458 25.0126316, 121.5338383 25.0126483, 121.5338343 25.0126468, 121.5338073 25.0127068, 121.5338136 25.0127091, 121.5338062 25.0127257), (121.5340793 25.0126281, 121.5341163 25.0126409, 121.5340845 25.0127168, 121.534061 25.0127088, 121.5340538 25.0127244, 121.5340247 25.0127858, 121.5339489 25.0128285, 121.5339744 25.0127662, 121.5340035 25.0127048, 121.5340064 25.0126987, 121.5339952 25.0126943, 121.534003 25.0126779, 121.5340506 25.0126964, 121.5340793 25.0126281))",25.01261482280464,121.53384128187533
40砲陣地,attraction,"MULTIPOLYGON (((121.5415338 25.1541045, 121.5415427 25.1540711, 121.5415094 25.1540639, 121.5415006 25.1540973, 121.5415338 25.1541045)), ((121.5414599 25.1542103, 121.5415019 25.1542212, 121.5415263 25.154144, 121.5414843 25.1541332, 121.5414599 25.1542103)))",25.154153845249905,121.54150026136539
農業陳列館,museum,"POLYGON ((121.534399 25.0182145, 121.5344012 25.018075, 121.5339973 25.0180697, 121.5339964 25.0181272, 121.5339961 25.0181471, 121.5339951 25.0182092, 121.5341936 25.0182118, 121.534399 25.0182145))",25.018142098660174,121.53419815401914
錦帶橋,attraction,"LINESTRING (121.6035034 25.0812486, 121.6035251 25.0809121)",25.08108035,121.60351424999999
臺北市立動物園,zoo,"POLYGON ((121.5796501 24.9979453, 121.5798525 24.9980916, 121.5799013 24.9981801, 121.5799854 24.9982311, 121.5800015 24.9983644, 121.5803468 24.9985687, 121.5806535 24.998488, 121.5807098 24.9984406, 121.5807518 24.9984679, 121.5810517 24.9986466, 121.5811386 24.9986982, 121.5813039 24.9987963, 121.5814494 24.9988827, 121.5816767 24.9990185, 121.581727 24.999052, 121.5817109 24.9990933, 121.5817489 24.9994049, 121.5822726 24.9997312, 121.5823708 24.9997855, 121.5826012 24.9998521, 121.5829018 24.9998246, 121.5829824 24.9998172, 121.583105 24.9999515, 121.5832289 24.9999243, 121.5836391 24.9999548, 121.5840854 24.9999067, 121.585571 24.9997128, 121.5861163 24.9995508, 121.5864972 24.9994102, 121.5868483 24.9994919, 121.5877226 24.9996954, 121.5881436 24.9997776, 121.5883514 24.9997096, 121.5884944 24.9995819, 121.5888249 24.9992867, 121.5891024 24.9986244, 121.5899211 24.9970535, 121.5906767 24.9963559, 121.5918269 24.9956952, 121.5921397 24.9950139, 121.5919931 24.9942438, 121.5907105 24.9944712, 121.5905235 24.9941614, 121.5905548 24.9938731, 121.5910632 24.9934174, 121.591425 24.9930033, 121.5913558 24.9926184, 121.590857 24.9918797, 121.5906273 24.9918976, 121.5901384 24.9921595, 121.5898396 24.9922289, 121.589521 24.9920275, 121.5893217 24.9915905, 121.5891069 24.9914054, 121.5889724 24.9912914, 121.5888712 24.9911949, 121.5887489 24.991255, 121.5881788 24.9915288, 121.5878383 24.9914908, 121.5876514 24.9911885, 121.5873773 24.9910303, 121.5870206 24.9911257, 121.5868352 24.9914294, 121.5866648 24.9916024, 121.586265 24.9917306, 121.58557 24.9915264, 121.5849352 24.9917306, 121.5840813 24.9917385, 121.5836395 24.9918852, 121.5832004 24.9922044, 121.5830378 24.9923746, 121.5823265 24.992707, 121.5815999 24.9929203, 121.5809007 24.9933304, 121.5803017 24.9946618, 121.5803227 24.9957586, 121.5805519 24.9970715, 121.580014 24.9974846, 121.5796501 24.9979453))",24.99559540109765,121.58574721625693
國父紀念館,museum,"POLYGON ((121.5607858 25.0396031, 121.5608122 25.0395125, 121.5607141 25.0395423, 121.5604497 25.0395502, 121.5604226 25.0394925, 121.5604102 25.0394928, 121.560274 25.0394969, 121.5601386 25.0395009, 121.5601259 25.0395013, 121.560103 25.0395606, 121.5598368 25.0395685, 121.5597368 25.0395445, 121.5597697 25.0396334, 121.5597817 25.0399632, 121.5597843 25.0400332, 121.5597868 25.040103, 121.5597989 25.040436, 121.5597725 25.0405267, 121.5598706 25.0404968, 121.5600324 25.040492, 121.5600813 25.0404905, 121.5601373 25.0404889, 121.5603102 25.0404837, 121.5604851 25.0404785, 121.5605423 25.0404768, 121.5605896 25.0404754, 121.5607478 25.0404706, 121.5608479 25.0404946, 121.5608149 25.0404057, 121.5608028 25.0400727, 121.5608005 25.0400105, 121.5607977 25.0399329, 121.5607858 25.0396031))",25.040010002182665,121.56029199110891
郵政博物館,museum,"POLYGON ((121.5146702 25.0318391, 121.514688 25.0318667, 121.5148891 25.0319341, 121.5150416 25.0315607, 121.5150261 25.0315338, 121.5148228 25.0314656, 121.5147818 25.0315661, 121.5147039 25.0317567, 121.5146702 25.0318391))",25.031699838419453,121.5148559793414
二二八國家紀念館,museum,"POLYGON ((121.5138664 25.0316708, 121.5142204 25.031751, 121.5142714 25.031593, 121.5141882 25.0315736, 121.5141802 25.0316125, 121.5140166 25.0315833, 121.5140273 25.0315493, 121.5139898 25.0314934, 121.5139388 25.0314861, 121.5139844 25.031316, 121.5140139 25.0313233, 121.5140328 25.0312523, 121.5138717 25.0312139, 121.5138637 25.0312601, 121.5138799 25.031262, 121.5137941 25.0315342, 121.5138263 25.0315488, 121.5138746 25.0316387, 121.5138664 25.0316708))",25.031527159636045,121.51398939127418
彩虹橋,attraction,"LINESTRING (121.5768657 25.0515152, 121.576833 25.0515077, 121.5768277 25.0515257, 121.5768245 25.0515365, 121.576756 25.0516448, 121.5767104 25.051722, 121.5766762 25.0518022, 121.576654 25.0518829, 121.5766374 25.0519631, 121.5766326 25.0520415, 121.576638 25.0521065, 121.5766516 25.0521738, 121.5766741 25.0522582, 121.576695 25.0523301, 121.5767044 25.0524084, 121.576703 25.0524789, 121.5766949 25.0525524, 121.5766815 25.0526156, 121.5766628 25.0526745, 121.5766413 25.0527279, 121.5766084 25.0527929, 121.5765655 25.0528628, 121.5765239 25.0529304, 121.5765152 25.052962)",25.052218348175035,121.57667465592112
永康街,attraction,"LINESTRING (121.5295023 25.0312864, 121.5295084 25.0309182, 121.529516 25.0307677, 121.5295331 25.0305535, 121.529533 25.0305295, 121.5295339 25.0304729, 121.5295418 25.0301502)",25.03071826752463,121.52952109383048
無尾熊館,attraction,"POLYGON ((121.5823049 24.9983577, 121.5823695 24.9982636, 121.5826176 24.9984035, 121.5825863 24.9984491, 121.5825247 24.9984144, 121.5825058 24.9984419, 121.5824914 24.9984629, 121.5823401 24.9983775, 121.5823049 24.9983577))",24.998369543146037,121.58244987862162
防災科學教育館,museum,"POLYGON ((121.590412 25.0696354, 121.5905025 25.0694255, 121.5904254 25.0693858, 121.5904337 25.0693366, 121.5904178 25.0693028, 121.5903802 25.0692639, 121.5903155 25.0692442, 121.5903055 25.069176, 121.5900538 25.0691824, 121.5900626 25.0692586, 121.5900732 25.0692548, 121.5900768 25.0693171, 121.5901726 25.0693139, 121.5901938 25.0693885, 121.5902285 25.0694364, 121.5902831 25.0694721, 121.5903261 25.0694972, 121.5902878 25.0695829, 121.590412 25.0696354))",25.069368117286988,121.59029542524179
台北當代藝術館,museum,"POLYGON ((121.5184525 25.0510235, 121.5186028 25.0509884, 121.5185845 25.0509244, 121.5188359 25.0508657, 121.5188511 25.0509191, 121.5192491 25.0508261, 121.5192339 25.0507728, 121.5194858 25.0507139, 121.5195029 25.050774, 121.5196587 25.0507376, 121.5196032 25.0505425, 121.519473 25.0505729, 121.5194801 25.0505978, 121.5192026 25.0506626, 121.5191956 25.0506379, 121.5187975 25.0507308, 121.5188045 25.0507555, 121.5185317 25.0508192, 121.5185231 25.0507888, 121.5183943 25.0508189, 121.5184525 25.0510235))",25.050775846302827,121.51902225965362
茶推廣中心,museum,"POLYGON ((121.593957 24.9691424, 121.593993 24.9692101, 121.5940646 24.9691795, 121.5941067 24.9692588, 121.5942689 24.9691914, 121.5942422 24.9691426, 121.5942955 24.9691212, 121.5943333 24.969107, 121.594358 24.969167, 121.5944364 24.9691337, 121.5943787 24.9689948, 121.5944324 24.9689639, 121.5943936 24.968882, 121.5941548 24.9689809, 121.5941899 24.9690471, 121.593957 24.9691424))",24.96908007895341,121.59423146181527
攝影平台,viewpoint,"POLYGON ((121.5744309 25.0269153, 121.5744162 25.0268766, 121.5744365 25.0268703, 121.5744567 25.026864, 121.5744714 25.0269028, 121.5744309 25.0269153))",25.02688967335797,121.57444380808532
凱達格蘭文化館,museum,"POLYGON ((121.5056764 25.137067, 121.5057101 25.1372236, 121.5059849 25.1371751, 121.5059512 25.1370186, 121.505807 25.137044, 121.5056764 25.137067))",25.137121079027445,121.50583063625582
北投地熱谷,attraction,"POLYGON ((121.5116069 25.1379769, 121.5116657 25.1380105, 121.5117714 25.1380628, 121.5119091 25.1381606, 121.5119687 25.1382539, 121.5120199 25.138328, 121.5121058 25.1383601, 121.5121555 25.1383577, 121.5121967 25.1383303, 121.5121988 25.1382556, 121.5121783 25.1381929, 121.5121001 25.1381284, 121.5120174 25.1379874, 121.5119333 25.137913, 121.5117925 25.1378069, 121.5117037 25.1377427, 121.511665 25.1377437, 121.5115552 25.1378725, 121.5115682 25.1379501, 121.5116069 25.1379769))",25.13804045694352,121.51188392158139
老地方觀機平台,viewpoint,"POLYGON ((121.5367051 25.0905222, 121.5367068 25.0904938, 121.5367654 25.0904299, 121.5367652 25.0905127, 121.5367494 25.0905373, 121.5367347 25.0905323, 121.5367266 25.0905295, 121.5367051 25.0905222))",25.09049306859178,121.53674048010296
松山文創園區,attraction,"POLYGON ((121.5589091 25.0449743, 121.5594376 25.0450228, 121.5596582 25.0450151, 121.5604825 25.0449714, 121.5626137 25.0448651, 121.5626873 25.0447376, 121.5626899 25.0446114, 121.5627078 25.0444773, 121.562735 25.044279, 121.5626994 25.0430917, 121.5626861 25.0428139, 121.5619645 25.0428329, 121.5619724 25.0430491, 121.5619232 25.0430247, 121.561851 25.0429879, 121.5618177 25.0429734, 121.5617707 25.042954, 121.5617218 25.042954, 121.5617074 25.0429403, 121.5617045 25.0428476, 121.561495 25.0428536, 121.5615018 25.04311, 121.5588608 25.0431666, 121.5589091 25.0449743))",25.043994543573508,121.56083541977708
台北101,attraction,"POLYGON ((121.5641594 25.0347097, 121.5641458 25.03471, 121.5638431 25.0347157, 121.5636877 25.0347187, 121.563618 25.03472, 121.5636171 25.0346538, 121.5635818 25.033128, 121.5636282 25.0330841, 121.5638873 25.0330792, 121.5639717 25.0331039, 121.5642799 25.0330981, 121.5644091 25.0330693, 121.565263 25.033053, 121.5653072 25.0330915, 121.5653389 25.0346232, 121.5653397 25.0346903, 121.5647987 25.0347001, 121.5647949 25.03453, 121.5645936 25.0345338, 121.5645891 25.034586, 121.5645952 25.0346057, 121.5643551 25.0346102, 121.5643602 25.0345903, 121.5643534 25.0345384, 121.5641556 25.0345421, 121.5641594 25.0347097))",25.033865331579367,121.56446266438785
臺北當代工藝設計分館,museum,"POLYGON ((121.5121632 25.0320401, 121.5121018 25.0318755, 121.5121347 25.0318285, 121.5121362 25.0317761, 121.5121882 25.031766, 121.5122164 25.0317319, 121.5124255 25.0317807, 121.5124268 25.0317952, 121.5124712 25.0318272, 121.5124684 25.0318797, 121.5124968 25.0319249, 121.512496 25.0319502, 121.5123986 25.0320541, 121.5123818 25.032048, 121.5123758 25.0320845, 121.5123254 25.0320793, 121.5123321 25.0320393, 121.5122786 25.0320346, 121.5122779 25.032048, 121.5122672 25.0320486, 121.5122598 25.0320784, 121.5122086 25.0320441, 121.5121632 25.0320401))",25.03190446729165,121.51229628151357
國立臺灣博物館土銀展示館,museum,"POLYGON ((121.5141719 25.0438414, 121.5141646 25.0435448, 121.5141917 25.0435168, 121.5144083 25.0435124, 121.5146107 25.0435083, 121.5146187 25.0438299, 121.5144676 25.0438329, 121.5144655 25.0437475, 121.5143331 25.0437502, 121.5143353 25.0438381, 121.5141719 25.0438414))",25.043664473155218,121.51439072386684
關渡美術館,museum,"POLYGON ((121.4717845 25.1334274, 121.4715162 25.1337084, 121.4713627 25.1335852, 121.4712131 25.1334733, 121.4714825 25.133191, 121.4717845 25.1334274))",25.133449343266097,121.47149954220573
北投溫泉博物館,museum,"POLYGON ((121.5069756 25.1367171, 121.5069664 25.1366197, 121.5070433 25.1366111, 121.5070338 25.1365442, 121.5070066 25.1365461, 121.5070037 25.1364783, 121.5070584 25.1364741, 121.5070559 25.1364655, 121.5071357 25.1364578, 121.5071386 25.1364495, 121.5072874 25.1364336, 121.5072929 25.1365186, 121.5072352 25.136524, 121.5072364 25.1365434, 121.5073373 25.1365344, 121.5073456 25.1366308, 121.5072304 25.1366413, 121.5072378 25.1366876, 121.5071823 25.1366947, 121.5071877 25.1367301, 121.5071446 25.1367359, 121.5071485 25.1367474, 121.5070938 25.1367542, 121.5070928 25.1367388, 121.5069902 25.1367495, 121.5069871 25.1367165, 121.5069756 25.1367171))",25.13659187750745,121.50714574866048
蒲添生雕塑紀念館,museum,"POLYGON ((121.524535 25.045357, 121.5245983 25.0455698, 121.5248291 25.0455134, 121.5247658 25.0453008, 121.524535 25.045357))",25.045435258374635,121.52468203440736
國家攝影文化中心（原大阪商船株式會社臺北支店）,museum,"POLYGON ((121.5144049 25.0464906, 121.5144117 25.0466322, 121.5146151 25.0465798, 121.5146506 25.0467015, 121.5143349 25.0467796, 121.5142793 25.0467324, 121.5142664 25.0464878, 121.5144049 25.0464906))",25.046644976345807,121.51442061590134
國立臺灣博物館鐵道部園區,museum,"POLYGON ((121.5104087 25.0489819, 121.5105341 25.0489535, 121.5106699 25.0494377, 121.5107393 25.0494271, 121.5107695 25.0495238, 121.5108657 25.0495532, 121.5105708 25.0496137, 121.5106402 25.0498922, 121.5117324 25.0496703, 121.5117399 25.0496577, 121.5114128 25.0487255, 121.5114298 25.0487206, 121.5113992 25.0486276, 121.5112852 25.0485725, 121.5109105 25.0484543, 121.5109247 25.0484144, 121.5106082 25.0483858, 121.5104548 25.0484409, 121.5103172 25.048667, 121.5104087 25.0489819))",25.049125582003928,121.51101212739374
糖廍文化園區,attraction,"POLYGON ((121.495082 25.0330125, 121.4940686 25.0332157, 121.494113 25.0335398, 121.4942227 25.0337622, 121.4948572 25.0338213, 121.494946 25.0335611, 121.4955935 25.0336037, 121.4956783 25.0330582, 121.495082 25.0330125))",25.03338467922937,121.49485671330295
五分埔商圈,attraction,"POLYGON ((121.5779032 25.0479212, 121.5790473 25.0479934, 121.5793048 25.0480356, 121.5794891 25.0480785, 121.5795823 25.0481115, 121.5798924 25.0478226, 121.5799881 25.0477401, 121.5800371 25.0476322, 121.5800278 25.0475074, 121.5797382 25.0470822, 121.5796542 25.0468961, 121.5796394 25.0468156, 121.5796472 25.0467649, 121.5798363 25.0465407, 121.580042 25.046494, 121.5806022 25.0464709, 121.5805929 25.0454449, 121.5799951 25.0454576, 121.5783544 25.045532, 121.5779293 25.0455484, 121.5779032 25.0479212))",25.046649696240294,121.5790806115796
志生紀念館,museum,"POLYGON ((121.5220341 25.0677664, 121.5222419 25.0676794, 121.5221961 25.0675898, 121.52218 25.0675582, 121.5221537 25.0675692, 121.5221174 25.0675844, 121.5220825 25.067516, 121.5220036 25.0675491, 121.522035 25.0676106, 121.5219687 25.0676384, 121.5220341 25.0677664))",25.06764518603794,121.52209743819128
晴光市場,attraction,"POLYGON ((121.5228735 25.0648884, 121.5229784 25.0641453, 121.5230475 25.0641503, 121.5229855 25.0644463, 121.523009 25.0644726, 121.5242865 25.064435, 121.524362 25.0637535, 121.5244448 25.0637546, 121.5243951 25.0647436, 121.5243787 25.064962, 121.5241662 25.0649537, 121.5242616 25.0645138, 121.5229841 25.0645339, 121.522962 25.0645564, 121.5229289 25.0648917, 121.5228735 25.0648884))",25.06447167580103,121.5239359650954
教育中心,museum,"POLYGON ((121.5819867 24.9979242, 121.5819444 24.9978994, 121.5819243 24.9979188, 121.5818468 24.9978741, 121.5817736 24.9978255, 121.5817907 24.9978038, 121.5817415 24.9977766, 121.5817694 24.9977285, 121.5816711 24.9976743, 121.5817721 24.9975306, 121.5817956 24.9975436, 121.5818567 24.9974573, 121.5817774 24.9974152, 121.5819228 24.9972266, 121.5819999 24.9972706, 121.5820234 24.9972363, 121.5824258 24.9974751, 121.5823947 24.9975165, 121.5824682 24.9975599, 121.5823044 24.9977887, 121.5822312 24.9977433, 121.5821957 24.9977868, 121.5822276 24.9977998, 121.5821268 24.9979436, 121.5820301 24.9978831, 121.5819867 24.9979242))",24.997592018382743,121.58205537394434
華西街,attraction,"LINESTRING (121.4985097 25.0395432, 121.4984593 25.0389101, 121.4984332 25.038581)",25.03906210257384,121.49847141760745
梁實秋故居,museum,"POLYGON ((121.5279158 25.0237426, 121.5279306 25.0238868, 121.5278828 25.0238904, 121.5278804 25.0238506, 121.527831 25.0238543, 121.5278223 25.02375, 121.5279158 25.0237426))",25.02380983772722,121.52787890055595
北師美術館,museum,"POLYGON ((121.5442041 25.0246569, 121.5445794 25.0246301, 121.5445661 25.0244769, 121.5441907 25.0245037, 121.5442041 25.0246569))",25.024566896723208,121.54438507325666
臺北偶戲館,museum,"POLYGON ((121.5611656 25.0476758, 121.5613538 25.0476943, 121.5614691 25.0477057, 121.5614896 25.0475759, 121.5615828 25.0475811, 121.5615158 25.0479209, 121.5611361 25.0478838, 121.5611656 25.0476758))",25.04777823341577,121.56136695151865
瓶蓋工廠台北製造所,attraction,"POLYGON ((121.6037232 25.0537277, 121.6038346 25.0535373, 121.6039634 25.0534795, 121.6041416 25.0532948, 121.6046829 25.0533775, 121.6047692 25.0532382, 121.6050339 25.0532581, 121.605061 25.0530974, 121.6051973 25.053122, 121.6050268 25.0539486, 121.6037232 25.0537277))",25.053573406002975,121.6045581498011
臺北市立天文科學教育館,museum,"POLYGON ((121.518253 25.0961769, 121.518044 25.0960211, 121.5181161 25.0959419, 121.518129 25.0959514, 121.518229 25.0958405, 121.5182435 25.0958513, 121.5182922 25.0957977, 121.5183409 25.095744, 121.5182521 25.0956765, 121.5183811 25.0955374, 121.5184418 25.0955835, 121.5185773 25.0954345, 121.5190865 25.0958141, 121.5189469 25.0959676, 121.5190054 25.0960121, 121.5188764 25.0961512, 121.5187901 25.0960855, 121.5186888 25.0961898, 121.5187071 25.0962038, 121.5186052 25.0963131, 121.5186215 25.0963256, 121.5185532 25.0964007, 121.5183544 25.0962525, 121.5183363 25.0962711, 121.5183543 25.0963075, 121.518362 25.0963468, 121.5183592 25.0963867, 121.5183459 25.0964247, 121.518323 25.0964588, 121.5182917 25.0964869, 121.5182539 25.0965074, 121.5182117 25.0965192, 121.5181677 25.0965214, 121.5181244 25.0965141, 121.5180843 25.0964976, 121.5180497 25.0964728, 121.5180226 25.0964413, 121.5180047 25.0964048, 121.5179969 25.0963655, 121.5179997 25.0963257, 121.518013 25.0962876, 121.518036 25.0962536, 121.5180673 25.0962254, 121.5181051 25.0962049, 121.5181472 25.0961932, 121.5181912 25.0961909, 121.5182345 25.0961983, 121.518253 25.0961769))",25.095980188796627,121.51850871933613
國立臺灣科學教育館,museum,"POLYGON ((121.5172359 25.0959555, 121.517249 25.0959914, 121.5172643 25.09606, 121.5172691 25.0961297, 121.5172633 25.0961994, 121.5172472 25.0962678, 121.5172407 25.096284, 121.5172209 25.0963335, 121.517185 25.0963954, 121.5171401 25.0964522, 121.5170871 25.096503, 121.5170269 25.0965468, 121.5169607 25.0965828, 121.5168898 25.0966103, 121.5168153 25.0966287, 121.5167388 25.0966378, 121.5166616 25.0966374, 121.5165852 25.0966275, 121.516511 25.0966082, 121.5164404 25.09658, 121.5163747 25.0965433, 121.5163151 25.0964989, 121.5162628 25.0964475, 121.5162333 25.0964093, 121.5162186 25.0963902, 121.5161835 25.0963279, 121.5161581 25.0962619, 121.5161428 25.0961934, 121.516138 25.0961236, 121.516141 25.0960961, 121.5160638 25.0961061, 121.516054 25.0960432, 121.5160449 25.0959852, 121.516167 25.0959696, 121.5161862 25.0959199, 121.5162221 25.095858, 121.516267 25.0958011, 121.51632 25.0957503, 121.5163802 25.0957065, 121.5164464 25.0956706, 121.5165174 25.0956431, 121.5165918 25.0956246, 121.5166683 25.0956155, 121.5167455 25.095616, 121.5168219 25.0956259, 121.5168961 25.0956451, 121.5169667 25.0956734, 121.5170324 25.09571, 121.517092 25.0957545, 121.5171444 25.0958058, 121.5171717 25.0958405, 121.5173625 25.095816, 121.517372 25.095877, 121.5173814 25.0959368, 121.5172359 25.0959555))",25.096120267292758,121.51670871830848
中正山觀景臺,viewpoint,"POLYGON ((121.5158052 25.157756, 121.5158233 25.1577284, 121.5158356 25.1577235, 121.5158469 25.1577232, 121.5158571 25.1577279, 121.5158661 25.1577368, 121.5158671 25.1577476, 121.5158647 25.1577584, 121.5159467 25.1578057, 121.5159204 25.1578416, 121.5158813 25.1578189, 121.5158905 25.1578062, 121.5158208 25.1577652, 121.5158052 25.157756))",25.1577796655677,121.51587515149576
四四南村,attraction,"POLYGON ((121.5618327 25.0317093, 121.5621948 25.0316437, 121.5620446 25.0309171, 121.5617013 25.0309997, 121.5616986 25.0312962, 121.5618327 25.0317093))",25.031320895650452,121.5619302484681
金包里城門,attraction,"POLYGON ((121.5779156 25.1664097, 121.5779344 25.1663881, 121.5779383 25.1663908, 121.5779433 25.1663944, 121.5779244 25.166416, 121.5779201 25.1664129, 121.5779156 25.1664097))",25.166402025680178,121.57792944836444
攝影平台,viewpoint,"POLYGON ((121.5132054 25.0394309, 121.5130583 25.0394441, 121.513081 25.0396501, 121.513228 25.0396368, 121.5132054 25.0394309))",25.03954046529301,121.51314316744624
地質標本館,museum,"POLYGON ((121.5373435 25.0144486, 121.5374592 25.0144501, 121.5374577 25.0145439, 121.537342 25.0145424, 121.5373428 25.0144925, 121.5373435 25.0144486))",25.01449625001532,121.53740060050616
芳蘭大厝,attraction,"POLYGON ((121.5481233 25.0134435, 121.5481148 25.0134183, 121.5481002 25.0133752, 121.5480505 25.0132285, 121.5480433 25.0132071, 121.5480565 25.0132034, 121.5480463 25.0131731, 121.5479445 25.0132015, 121.5479542 25.0132303, 121.5479229 25.013239, 121.5479307 25.0132618, 121.547903 25.0132695, 121.5479758 25.0134845, 121.5481233 25.0134435))",25.013335298316903,121.5480102338016
芝山岩展示館,museum,"POLYGON ((121.5318393 25.1035132, 121.5322131 25.103664, 121.5322692 25.1036678, 121.5322906 25.1036231, 121.5322699 25.1036019, 121.5322785 25.1035828, 121.532165 25.1035368, 121.5321614 25.1035444, 121.5318823 25.1034315, 121.5318616 25.1034708, 121.5318393 25.1035132))",25.1035555973707,121.5320699626548
郭子儀紀念堂,museum,"POLYGON ((121.5866579 25.0796796, 121.5864649 25.0796086, 121.5864805 25.0795738, 121.5865226 25.0795893, 121.586545 25.0795392, 121.586651 25.0795782, 121.5866272 25.0796314, 121.5866721 25.0796479, 121.5866579 25.0796796))",25.079607381606717,121.58657610613376
士林夜市,attraction,"POLYGON ((121.5227909 25.0898512, 121.5229856 25.089979, 121.5244437 25.0895732, 121.5251712 25.0893508, 121.5255296 25.090407, 121.5257047 25.0903605, 121.5253384 25.0892997, 121.5255596 25.0892321, 121.5264363 25.0889642, 121.5269212 25.0899482, 121.5271902 25.0898168, 121.5255338 25.0863647, 121.5253285 25.086464, 121.525141 25.086089, 121.5249782 25.0860858, 121.5240611 25.0877321, 121.5231979 25.0892815, 121.5227909 25.0898512))",25.088348946603038,121.52498846632496
華西街観光夜市,attraction,"POLYGON ((121.4984684 25.039956, 121.4986401 25.0399487, 121.4983538 25.0367959, 121.4981924 25.0367996, 121.4982073 25.037108, 121.4983126 25.0382568, 121.4983358 25.0385243, 121.4984684 25.039956))",25.03837762227797,121.49841067947928
臺灣文學館臺北分館,museum,"POLYGON ((121.526547 25.0451238, 121.5266301 25.0454157, 121.5267834 25.0453799, 121.5267478 25.0452547, 121.526667 25.0452736, 121.5266546 25.04523, 121.5267772 25.0452014, 121.5267621 25.0451522, 121.5267422 25.0450782, 121.526547 25.0451238))",25.04524078848393,121.52667052820995
王雲五紀念館,museum,"POLYGON ((121.5355536 25.0248975, 121.5355543 25.0248219, 121.5354102 25.0248208, 121.5354095 25.0248947, 121.5354405 25.024895, 121.5354404 25.0249052, 121.5355236 25.0249058, 121.5355237 25.0248972, 121.5355536 25.0248975))",25.024861573406607,121.53548215379067
南門町三二三,attraction,"POLYGON ((121.5110632 25.0326334, 121.5110702 25.0326348, 121.5110656 25.0326544, 121.5111309 25.032667, 121.5111356 25.0326474, 121.5111429 25.0326488, 121.5111578 25.0325857, 121.511152 25.0325846, 121.5111699 25.0325085, 121.5110896 25.032493, 121.5110688 25.0325812, 121.5110752 25.0325825, 121.5110632 25.0326334))",25.03257899691992,121.51111427733203
寧夏夜市,attraction,"POLYGON ((121.5150842 25.0542946, 121.5146896 25.05432, 121.5145939 25.0544871, 121.5146312 25.0550625, 121.51472 25.0552898, 121.5148094 25.0555212, 121.5149264 25.0558178, 121.5150143 25.0560429, 121.5150445 25.0561201, 121.5151823 25.0566299, 121.5152594 25.0569197, 121.5153347 25.0569153, 121.5154847 25.0569185, 121.5156423 25.0569218, 121.5151916 25.0554432, 121.5153668 25.0553988, 121.5150842 25.0542946))",25.055479519763267,121.51507207701937
草山行館,museum,"POLYGON ((121.5381859 25.154283, 121.5380511 25.1544013, 121.5380647 25.1544139, 121.5380383 25.1544371, 121.5380789 25.154475, 121.5379442 25.1545931, 121.5378771 25.1545304, 121.5379767 25.1544431, 121.5379464 25.1544147, 121.5379771 25.1543877, 121.5379456 25.1543583, 121.5381111 25.1542132, 121.5381399 25.1542401, 121.5381859 25.154283))",25.15439852648635,121.53802686436221
劍潭山觀景台,viewpoint,"POLYGON ((121.5287356 25.0834088, 121.5286738 25.083336, 121.5286906 25.0833244, 121.5287163 25.0833064, 121.5287781 25.0833792, 121.5287356 25.0834088))",25.083357615364996,121.52872596408217
文間山平台,viewpoint,"POLYGON ((121.5498771 25.0899108, 121.5498716 25.0899002, 121.5498626 25.0898956, 121.5498494 25.0898964, 121.5498453 25.0899014, 121.5498276 25.0899046, 121.5498175 25.0899089, 121.5498133 25.0899163, 121.5498133 25.089921, 121.5498154 25.0899253, 121.5498389 25.0899277, 121.5498634 25.0899333, 121.5498848 25.0899423, 121.5498894 25.0899383, 121.5498901 25.0899338, 121.5498844 25.0899295, 121.549877 25.0899253, 121.5498771 25.0899108))",25.08991724652386,121.5498523223707
錢穆故居,attraction,"POLYGON ((121.5479744 25.0940233, 121.5480302 25.0940462, 121.5480891 25.0940703, 121.5480777 25.094093, 121.5480617 25.0940864, 121.5480445 25.0941208, 121.5480382 25.0941182, 121.5480035 25.0941874, 121.5479477 25.0941645, 121.5479505 25.0941588, 121.5479348 25.0941523, 121.5479336 25.0941546, 121.5478588 25.0941239, 121.5478598 25.0941219, 121.5478502 25.0941179, 121.5478757 25.0940668, 121.5478698 25.0940644, 121.5478785 25.0940471, 121.5478971 25.0940547, 121.5478954 25.0940581, 121.5479465 25.0940791, 121.5479744 25.0940233))",25.09410200956922,121.54796860504594
攝手平台,viewpoint,"POLYGON ((121.5731466 25.0271287, 121.573148 25.0271454, 121.5731269 25.0271613, 121.5730973 25.0271296, 121.5731254 25.0271071, 121.5731357 25.0271176, 121.5731466 25.0271287))",25.02713408966311,121.57312549893139
101煙火攝影平台,viewpoint,"POLYGON ((121.5727223 25.0288764, 121.5727926 25.0288425, 121.5727664 25.0287985, 121.572695 25.0288265, 121.5727223 25.0288764))",25.028836355656114,121.57274348950234
永春崗平台,viewpoint,"POLYGON ((121.577025 25.029025, 121.5770086 25.0290306, 121.5770053 25.0290227, 121.5769994 25.0290238, 121.576993 25.0290235, 121.5769874 25.0290229, 121.5769817 25.0290197, 121.576975 25.0290026, 121.5769778 25.0289976, 121.5769811 25.0289931, 121.5769854 25.0289894, 121.5769902 25.0289864, 121.5769869 25.0289784, 121.5770033 25.0289728, 121.577025 25.029025))",25.029004160303455,121.57699920672464
觀景平台,viewpoint,"POLYGON ((121.5226134 25.1747563, 121.5226227 25.1747526, 121.5226328 25.1747485, 121.522621 25.1747247, 121.5226713 25.1747045, 121.5226527 25.1746666, 121.5226285 25.1746763, 121.5226036 25.1746863, 121.5225992 25.1746774, 121.5225951 25.174669, 121.5225745 25.1746773, 121.5226134 25.1747563))",25.174703178853992,121.5226219114495
四平商圈,attraction,"POLYGON ((121.5332179 25.0537257, 121.5347661 25.0537087, 121.5347638 25.0535335, 121.5332155 25.0535506, 121.5332179 25.0537257))",25.05362962324261,121.53399089782825
鸚鵡屋,attraction,"POLYGON ((121.5911721 24.9953119, 121.5912221 24.9953205, 121.5912523 24.9952916, 121.5912382 24.9952472, 121.5911892 24.9952387, 121.5911721 24.9953119))",24.99528096452265,121.59121142586446
兩棲爬蟲動物館,attraction,"POLYGON ((121.5898757 24.9946389, 121.5899656 24.9947192, 121.5899763 24.9947058, 121.590042 24.9947471, 121.5900836 24.9947167, 121.5902016 24.9947751, 121.5902526 24.9946231, 121.5902593 24.9944894, 121.5902056 24.9943375, 121.5900809 24.9943958, 121.5900313 24.9942925, 121.5901614 24.9942621, 121.5901547 24.9941855, 121.5901674 24.9941126, 121.5901795 24.9940628, 121.5901949 24.9940154, 121.5900621 24.9939595, 121.5900702 24.9939473, 121.5900219 24.9939169, 121.5900433 24.9938762, 121.5899294 24.9938233, 121.589859 24.9939521, 121.5898375 24.9940464, 121.5898241 24.9941722, 121.5898362 24.9943034, 121.5898696 24.9944131, 121.5899159 24.9945034, 121.5899247 24.9945569, 121.5899079 24.9946, 121.5898757 24.9946389))",24.994321969360648,121.59002871744144
企鵝館,attraction,"POLYGON ((121.5905865 24.9929295, 121.5904979 24.9929761, 121.590522 24.9930146, 121.5906198 24.9931706, 121.5905864 24.9932031, 121.5905622 24.9933064, 121.5905822 24.9933125, 121.5911793 24.9929963, 121.5911818 24.9929296, 121.5910281 24.9926987, 121.5909507 24.9927382, 121.5910346 24.9928718, 121.5908759 24.9929536, 121.5908156 24.9929847, 121.5907843 24.9929349, 121.5906374 24.9930106, 121.5905865 24.9929295))",24.993027981910718,121.59084815094042
台北故事館,attraction,"POLYGON ((121.5245868 25.0730548, 121.5246607 25.0730849, 121.5246614 25.0730827, 121.5247138 25.0731029, 121.524682 25.0731686, 121.5246641 25.0731715, 121.5246432 25.0731626, 121.5246278 25.0731926, 121.5246173 25.0731886, 121.5246087 25.0732065, 121.52454 25.0731794, 121.5245545 25.0731482, 121.5245307 25.073137, 121.5245468 25.0731034, 121.5245615 25.0731088, 121.5245868 25.0730548))",25.073130681861514,121.52461692977873
紀州庵文學森林,attraction,"POLYGON ((121.5205267 25.0214913, 121.520534 25.021589, 121.5207171 25.0215778, 121.5207099 25.0214801, 121.5205267 25.0214913))",25.021534545632885,121.52062192372063
海芋婚紗廣場觀景台,viewpoint,"POLYGON ((121.5406906 25.1786296, 121.5407496 25.1785794, 121.5406502 25.1784884, 121.5405933 25.1785418, 121.5406906 25.1786296))",25.178559584331428,121.54067096199473
臨江街觀光夜市,attraction,"POLYGON ((121.5540737 25.0303367, 121.5542862 25.0302823, 121.5573732 25.0295284, 121.5572525 25.0293072, 121.5554562 25.0297563, 121.5543195 25.0300363, 121.5541262 25.0292915, 121.5538085 25.0293558, 121.5540354 25.0301697, 121.5534776 25.0303374, 121.5535231 25.0304832, 121.5538792 25.0303884, 121.5540737 25.0303367))",25.029833160482557,121.55518427033229
撫臺街洋樓,museum,"POLYGON ((121.5107619 25.0466838, 121.5108613 25.0466602, 121.510892 25.0467663, 121.5107926 25.04679, 121.5107619 25.0466838))",25.046725079145187,121.51082694339541
夢想館,museum,"POLYGON ((121.5309105 25.0710814, 121.5309346 25.0710902, 121.5309565 25.0711029, 121.5309793 25.0711233, 121.5309963 25.0711478, 121.5310078 25.0711799, 121.5310095 25.0712136, 121.5310029 25.0712425, 121.5309891 25.0712692, 121.5309687 25.0712923, 121.5309497 25.0713066, 121.5309281 25.0713176, 121.5309018 25.0713298, 121.5308743 25.0713372, 121.5308362 25.0713386, 121.5307959 25.0713343, 121.5307551 25.071319, 121.5307099 25.0712837, 121.5306397 25.0712109, 121.5305968 25.0711238, 121.5305807 25.0710542, 121.5305716 25.0709845, 121.5305757 25.0709141, 121.5305906 25.0708416, 121.5306187 25.0707759, 121.5306689 25.070692, 121.5307448 25.0706229, 121.5308271 25.0705815, 121.5309298 25.0705548, 121.531249 25.0705451, 121.5312517 25.0706374, 121.5311364 25.0706447, 121.5309808 25.0706885, 121.5308681 25.0707395, 121.530791 25.0708263, 121.5307525 25.07092, 121.5307608 25.0710116, 121.5307873 25.071101, 121.530818 25.0710854, 121.530852 25.0710772, 121.5308815 25.0710765, 121.5309105 25.0710814))",25.0709267210207,121.53081922512268
未來館,museum,"POLYGON ((121.5314261 25.0714871, 121.5315053 25.0714842, 121.5315414 25.0714801, 121.5315851 25.071471, 121.5316174 25.0714611, 121.5316664 25.0714484, 121.5317227 25.0714271, 121.5317589 25.0714059, 121.5318005 25.0713725, 121.53183 25.0713463, 121.5318474 25.0713251, 121.5318656 25.0712978, 121.5318702 25.0712844, 121.5318834 25.0712894, 121.5319265 25.0713089, 121.532033 25.071216, 121.5321946 25.0713208, 121.5321815 25.0713424, 121.5321679 25.0713691, 121.5321558 25.0713932, 121.5321454 25.0714137, 121.5321213 25.071447, 121.5320949 25.0714746, 121.5320653 25.0714996, 121.5320417 25.0715138, 121.5320224 25.0715259, 121.5320153 25.0715285, 121.5320079 25.0715302, 121.5320014 25.0715304, 121.5319949 25.0715298, 121.531983 25.0715255, 121.5319681 25.0715162, 121.5319604 25.0715143, 121.5319532 25.0715145, 121.5319475 25.0715171, 121.5318144 25.0715953, 121.5316649 25.0716376, 121.5315715 25.0716503, 121.5314665 25.0716292, 121.5314268 25.0715805, 121.5314261 25.0714871))",25.071460023310117,121.53182648205615
天使生活館,museum,"POLYGON ((121.532033 25.071216, 121.5322559 25.0710111, 121.5322518 25.0709812, 121.5322571 25.0709516, 121.5322736 25.0709214, 121.5322996 25.0708974, 121.5323326 25.0708819, 121.5323531 25.0708776, 121.5323741 25.0708767, 121.5324091 25.0708828, 121.5324405 25.0708982, 121.532464 25.0709196, 121.5324799 25.0709462, 121.5324871 25.0709794, 121.5324825 25.071013, 121.532474 25.0710321, 121.5324617 25.0710495, 121.5324402 25.0710684, 121.5324188 25.0710897, 121.5323961 25.0711171, 121.5323652 25.0711488, 121.5321946 25.0713208, 121.532033 25.071216))",25.07109020726426,121.53228301987623
新北投火車站舊站房,museum,"POLYGON ((121.5033456 25.13667, 121.5033602 25.1364543, 121.5034942 25.1364618, 121.5034796 25.1366774, 121.5033456 25.13667))",25.136565873808635,121.50341989490254
休憩平台,attraction,"POLYGON ((121.5762333 24.9799734, 121.5762281 24.9800084, 121.5762465 24.9800535, 121.5763066 24.9801051, 121.5763828 24.9801347, 121.5764593 24.9801365, 121.5764479 24.9800832, 121.5764093 24.9800261, 121.5763325 24.9799876, 121.5762333 24.9799734))",24.980056676570403,121.57634242495364
觀景木棧平台,viewpoint,"POLYGON ((121.529721 25.0113485, 121.5297603 25.0113587, 121.5297893 25.0112968, 121.5299137 25.0112137, 121.5300455 25.0112095, 121.5300465 25.0111705, 121.5299473 25.0111697, 121.5299473 25.0111647, 121.5298995 25.011168, 121.529863 25.0111908, 121.5298664 25.0111978, 121.5297892 25.0112481, 121.5297818 25.0112437, 121.5297457 25.0112678, 121.5297311 25.0113051, 121.5297363 25.0113083, 121.529721 25.0113485))",25.01123687015567,121.52986860168348
李國鼎故居,attraction,"POLYGON ((121.5275722 25.040603, 121.5277417 25.040563, 121.5277822 25.0407039, 121.5277271 25.0407168, 121.5277132 25.0406682, 121.5276469 25.0406838, 121.5276607 25.0407322, 121.5275956 25.0407475, 121.5275797 25.040692, 121.5275966 25.040688, 121.5275722 25.040603))",25.040649156509993,121.5276722164926
饒河街觀光夜市,attraction,"POLYGON ((121.5753744 25.0501482, 121.5740652 25.0501083, 121.5730182 25.0500761, 121.5725988 25.0500738, 121.5724379 25.050346, 121.5733151 25.0505735, 121.5742207 25.0506576, 121.5751103 25.0508033, 121.5761018 25.0509872, 121.5761769 25.0507007, 121.5767562 25.0508417, 121.576716 25.0511454, 121.5774697 25.0512936, 121.5775408 25.050969, 121.5775552 25.0509133, 121.5776312 25.0505367, 121.5777017 25.0501874, 121.5767046 25.0501732, 121.5756217 25.0501561, 121.5753744 25.0501482))",25.050499707449443,121.57547015273586
摩耶精舍(張大千紀念館),museum,"POLYGON ((121.5547987 25.1027369, 121.5550282 25.1029123, 121.5554236 25.1028531, 121.5555787 25.1028209, 121.5552432 25.1025424, 121.5549123 25.1026618, 121.5548609 25.1026542, 121.5547987 25.1027369))",25.102744201114113,121.55516977680736
台北市客家文化會館,museum,"POLYGON ((121.5430721 25.0343703, 121.5431947 25.0343674, 121.5431979 25.0344986, 121.5432048 25.0347252, 121.543076 25.0347282, 121.5430754 25.0347088, 121.5430474 25.0347094, 121.5430383 25.0343905, 121.5430726 25.0343897, 121.5430721 25.0343703))",25.034548491145788,121.54312256871226
國立歷史博物館,museum,"POLYGON ((121.5107993 25.0315335, 121.5108081 25.0314969, 121.5107695 25.0314869, 121.5107759 25.0314652, 121.5108121 25.0313479, 121.5112046 25.0314558, 121.5115698 25.031553, 121.5115306 25.0317024, 121.5114711 25.0316878, 121.5113916 25.0316683, 121.5113878 25.0316844, 121.5112725 25.0317345, 121.5112523 25.0317056, 121.5108633 25.0316083, 121.5108779 25.0315545, 121.5107993 25.0315335))",25.03155143928889,121.51115295628115
青田七六,attraction,"POLYGON ((121.5325339 25.0280199, 121.5325352 25.0279187, 121.5325476 25.0279188, 121.5325476 25.0279151, 121.5327289 25.0279171, 121.5327282 25.0279694, 121.5326415 25.0279684, 121.5326411 25.0280038, 121.532596 25.0280033, 121.5325957 25.0280206, 121.532568 25.028021, 121.5325339 25.0280199))",25.027958298915564,121.53261602683862
同心池,attraction,"POLYGON ((121.5889349 25.1005132, 121.5889452 25.1005233, 121.588956 25.1005352, 121.5889638 25.1005488, 121.5889711 25.1005602, 121.5889799 25.1005758, 121.5889905 25.1005915, 121.589007 25.1006104, 121.5890241 25.1006253, 121.5890337 25.1006295, 121.5890443 25.1006337, 121.5890558 25.1006343, 121.5890695 25.1006345, 121.5890831 25.1006325, 121.589097 25.1006264, 121.5891093 25.1006189, 121.5891171 25.1006085, 121.5891214 25.1005962, 121.589122 25.100584, 121.5891191 25.1005713, 121.5891145 25.100559, 121.5891079 25.1005439, 121.5891167 25.1005328, 121.5891239 25.1005199, 121.5891273 25.1005091, 121.5891281 25.1004959, 121.5891231 25.1004799, 121.5891162 25.1004686, 121.589106 25.1004585, 121.5890891 25.1004526, 121.5890706 25.1004485, 121.5890476 25.1004466, 121.5890274 25.1004494, 121.5890163 25.1004541, 121.588999 25.1004658, 121.5889818 25.1004767, 121.5889624 25.1004915, 121.5889349 25.1005132))",25.100536806790608,121.58904582071717
南機場夜市,attraction,"POLYGON ((121.5053374 25.0287124, 121.5061344 25.0278668, 121.5067082 25.0283108, 121.5059112 25.0291565, 121.5053374 25.0287124))",25.028511634223502,121.50602279696155
天下為公牌樓,attraction,"LINESTRING (121.5492472 25.1006013, 121.5494644 25.1006912)",25.10064625,121.5493558
竹子湖蓬萊米原種田事務所,museum,"POLYGON ((121.5394607 25.1683772, 121.5396308 25.1683587, 121.5396123 25.1682114, 121.5395402 25.1682175, 121.5395407 25.1682254, 121.5394757 25.1682344, 121.5394708 25.1682005, 121.5394203 25.1682066, 121.5394225 25.16824, 121.5393764 25.168248, 121.5393444 25.1682507, 121.5392609 25.1682565, 121.5392509 25.1682071, 121.5390949 25.1682191, 121.5391039 25.1683049, 121.5391771 25.1682993, 121.5391804 25.168345, 121.5393679 25.1683315, 121.539372 25.1683592, 121.5394108 25.1683566, 121.5394116 25.1683664, 121.5394595 25.1683631, 121.5394607 25.1683772))",25.168287464787543,121.53938609555655
大崙頭山乘風堡,viewpoint,"POLYGON ((121.5854176 25.1090566, 121.5854965 25.1090354, 121.5854617 25.1089293, 121.5853828 25.1089505, 121.5854031 25.1090123, 121.5854176 25.1090566))",25.108992947632803,121.58543965673962
師大商圈,attraction,"POLYGON ((121.5285844 25.0246592, 121.5270121 25.0247965, 121.526811 25.0230557, 121.5274411 25.022987, 121.5273875 25.0226419, 121.527645 25.0225933, 121.5275967 25.0222093, 121.5281761 25.022185, 121.5275806 25.0214801, 121.52794 25.0211885, 121.5285462 25.0221558, 121.5289056 25.0220488, 121.5289217 25.0221218, 121.5291685 25.0221072, 121.5292114 25.0225204, 121.5311372 25.0223794, 121.5312984 25.0236525, 121.5314162 25.0249022, 121.5315115 25.0258189, 121.5315355 25.0261733, 121.5293509 25.026341, 121.5293116 25.0259831, 121.5292168 25.0253931, 121.5293505 25.0247675, 121.5293026 25.0247272, 121.5286106 25.0248001, 121.5285844 25.0246592))",25.023980285662397,121.52939377098275
樹火紀念紙博物館,museum,"POLYGON ((121.5336005 25.0481663, 121.5336548 25.0481656, 121.5336575 25.0483533, 121.5336031 25.0483539, 121.5336005 25.0481663))",25.048259803331543,121.53362897784257
台北圓山公園都市綠化環境教育中心,museum,"POLYGON ((121.5218719 25.0724561, 121.5218715 25.0724835, 121.5218119 25.0724853, 121.5218181 25.0726154, 121.5220293 25.0726095, 121.5220198 25.0723224, 121.5217743 25.0723181, 121.5217735 25.072459, 121.5218719 25.0724561))",25.072460516759445,121.52191004266803
小天空步道,attraction,"LINESTRING (121.595525 24.9686568, 121.5955511 24.9686422, 121.595489 24.9684805, 121.5954072 24.9683104, 121.5953585 24.9682019, 121.5953623 24.9680167, 121.5954408 24.9680163, 121.5954869 24.9679799, 121.5954863 24.9679205, 121.5954372 24.9678911, 121.5955198 24.9678521, 121.595701 24.9678169, 121.5958741 24.967776, 121.5959682 24.9677541, 121.5959629 24.9677099)",24.968078797882757,121.59554735802408
石雕博物館,museum,"POLYGON ((121.5448536 25.1077133, 121.5448803 25.1077226, 121.5449001 25.1077211, 121.5449175 25.1077035, 121.5449168 25.1076803, 121.5449326 25.1076731, 121.5449497 25.1077056, 121.544985 25.1077381, 121.5450465 25.1077357, 121.5451055 25.1077097, 121.5450161 25.1075264, 121.5449726 25.1075178, 121.5449408 25.1075589, 121.5448785 25.1075717, 121.5448486 25.1075919, 121.5448137 25.1075926, 121.5448091 25.1076158, 121.5448536 25.1077133))",25.107639587416916,121.54495981131144
孔二小姐故居,attraction,"POLYGON ((121.5278067 25.0786189, 121.5278236 25.078713, 121.5279319 25.078697, 121.528057 25.0786785, 121.5280136 25.078437, 121.5277201 25.0784803, 121.5277467 25.0786278, 121.5278067 25.0786189))",25.07857153841174,121.52789752662157
臺北市鄉土教育中心,museum,"POLYGON ((121.5034295 25.0367929, 121.5035014 25.0367826, 121.5034679 25.0366292, 121.5034385 25.0366118, 121.5033427 25.036598, 121.5028471 25.03662, 121.5027575 25.036681, 121.5028103 25.0368005, 121.5029075 25.0367219, 121.5032011 25.0367156, 121.5031935 25.0366772, 121.5033622 25.036669, 121.5034295 25.0367929))",25.036674466434523,121.50312563571588
國立故宮博物院,museum,"POLYGON ((121.5471328 25.0993257, 121.5473393 25.0993257, 121.5480876 25.0990835, 121.5504466 25.1003619, 121.5502908 25.1005293, 121.5504344 25.100743, 121.5505509 25.1009517, 121.5505633 25.1011877, 121.5504634 25.1014394, 121.5503257 25.1017093, 121.5502071 25.1020123, 121.5502463 25.1022382, 121.5503635 25.1025159, 121.5503664 25.1026683, 121.5502767 25.1031757, 121.5502006 25.1032244, 121.5501657 25.1033737, 121.5501616 25.1037928, 121.5501148 25.1040692, 121.5498836 25.1040741, 121.5497394 25.1040569, 121.5496034 25.1036603, 121.5493994 25.1035371, 121.5491981 25.1032785, 121.5493774 25.1032342, 121.5491639 25.1027308, 121.5490943 25.1026904, 121.5488591 25.1026001, 121.5487834 25.1027618, 121.5485956 25.1029135, 121.5483197 25.1028867, 121.5480808 25.1028018, 121.5473494 25.1025131, 121.5470098 25.1020967, 121.5474519 25.1013757, 121.5473979 25.1010978, 121.5470536 25.100055, 121.5470732 25.0998216, 121.5471125 25.0996063, 121.5471328 25.0993257))",25.101314573185732,121.54880593639547
北投文物館,museum,"POLYGON ((121.5141763 25.138401, 121.5140221 25.1381412, 121.5141039 25.138072, 121.5141588 25.1380319, 121.5143171 25.1379675, 121.5142876 25.1379226, 121.5145786 25.1377842, 121.5149367 25.1380744, 121.5149002 25.138114, 121.514816 25.1382207, 121.5147657 25.1382583, 121.5144425 25.1383973, 121.5141763 25.138401))",25.13812325045753,121.51447080202375
順益台灣原住民博物館美術分館,museum,"POLYGON ((121.5109042 25.0463423, 121.5110197 25.046316, 121.5110455 25.0464089, 121.5110342 25.0464115, 121.5109301 25.0464353, 121.5109042 25.0463423))",25.04637562640998,121.51097486391963
追思懷念區,attraction,"POLYGON ((121.5152163 25.0403526, 121.5152445 25.0403529, 121.5152086 25.0402487, 121.5151828 25.0402551, 121.5152163 25.0403526))",25.040302336460943,121.51521320947145
台北二二八紀念館,museum,"POLYGON ((121.515439 25.0406743, 121.5156405 25.0406271, 121.5156144 25.0405356, 121.5155973 25.0404757, 121.5156418 25.0404653, 121.5155293 25.040071, 121.5154439 25.040091, 121.5153919 25.0401032, 121.5153062 25.0401233, 121.5153155 25.0401559, 121.5152958 25.0401605, 121.5153146 25.0402264, 121.5153367 25.0402212, 121.5153408 25.0402354, 121.515471 25.0402049, 121.5154761 25.0402227, 121.5154591 25.0402267, 121.5154692 25.0402622, 121.5154869 25.0403242, 121.515469 25.0403284, 121.5154747 25.0403485, 121.5154879 25.0403943, 121.5154808 25.040396, 121.5154831 25.0404039, 121.5155095 25.0404965, 121.5155656 25.0404834, 121.5155702 25.0404998, 121.5155271 25.0405099, 121.5155328 25.0405299, 121.5154063 25.0405595, 121.5154191 25.0406046, 121.5154242 25.0406223, 121.515439 25.0406743))",25.040358133463684,121.51550296127913
翠亨閣,attraction,"POLYGON ((121.5157786 25.0421326, 121.5157518 25.0421384, 121.5157269 25.0421438, 121.5156793 25.042118, 121.5156683 25.0420682, 121.5156924 25.0420251, 121.5157467 25.0420123, 121.5157947 25.0420384, 121.5158077 25.0420858, 121.5157786 25.0421326))",25.04207805754888,121.51573720227329
國立臺灣博物館,museum,"POLYGON ((121.5149101 25.0428728, 121.5148894 25.042873, 121.5148888 25.0428242, 121.5148301 25.0428248, 121.5146927 25.0428262, 121.5146928 25.0428359, 121.514688 25.042836, 121.5146882 25.0428493, 121.51457 25.0428505, 121.5145698 25.042835, 121.5145611 25.0428351, 121.514561 25.0428277, 121.5145531 25.0428278, 121.5145518 25.0427191, 121.5145608 25.042719, 121.5145605 25.0426961, 121.5145602 25.0426736, 121.5145693 25.0426736, 121.5145691 25.0426569, 121.5146844 25.0426557, 121.5146847 25.0426736, 121.5146894 25.0426736, 121.5146895 25.042679, 121.5148877 25.042677, 121.5148871 25.0426272, 121.5149045 25.042627, 121.5149042 25.0426033, 121.5149487 25.0426029, 121.5150044 25.0426023, 121.5150554 25.0426018, 121.5150958 25.0426014, 121.5150961 25.0426248, 121.5151164 25.0426246, 121.515117 25.0426696, 121.5153134 25.0426676, 121.5153133 25.0426619, 121.5153185 25.0426619, 121.5153183 25.0426422, 121.5154397 25.0426409, 121.5154399 25.0426572, 121.5154445 25.0426572, 121.5154447 25.0426721, 121.515445 25.0426967, 121.5154451 25.0427045, 121.5154527 25.0427044, 121.515454 25.0428103, 121.5154488 25.0428103, 121.5154489 25.0428186, 121.5154419 25.0428187, 121.515442 25.0428328, 121.515322 25.042834, 121.5153218 25.0428186, 121.5153179 25.0428187, 121.5153179 25.0428132, 121.5151895 25.0428145, 121.5151184 25.0428153, 121.5151189 25.042854, 121.5151191 25.0428673, 121.5151023 25.0428675, 121.5151026 25.0428887, 121.515005 25.0428897, 121.5149103 25.0428907, 121.5149101 25.0428728))",25.042746378212154,121.51500228177024
弄春池,viewpoint,"POLYGON ((121.5250285 25.0408933, 121.5250171 25.040889, 121.5250164 25.0408805, 121.5250114 25.0408753, 121.524997 25.0408781, 121.5249802 25.0408787, 121.5249715 25.0408756, 121.5249708 25.0408668, 121.5249802 25.0408574, 121.5249829 25.0408374, 121.5250134 25.0408027, 121.5250258 25.0407951, 121.5250382 25.0407909, 121.5250526 25.0407909, 121.5250634 25.0407948, 121.5250724 25.0408037, 121.5250781 25.0408122, 121.5250801 25.0408313, 121.5250855 25.0408398, 121.5250962 25.0408425, 121.5251133 25.0408316, 121.5251224 25.040817, 121.5251344 25.0408033, 121.5251492 25.0407857, 121.5251599 25.0407775, 121.5251713 25.0407778, 121.5251874 25.0407857, 121.5252022 25.0407988, 121.5252028 25.040804, 121.5252022 25.0408088, 121.5251935 25.0408167, 121.5251774 25.0408261, 121.525166 25.0408368, 121.5251519 25.0408465, 121.5251405 25.0408632, 121.5251318 25.0408717, 121.525121 25.0408778, 121.5251123 25.0408793, 121.5251009 25.0408775, 121.5250942 25.0408738, 121.5250821 25.0408659, 121.5250704 25.0408571, 121.5250614 25.0408559, 121.5250567 25.0408574, 121.5250513 25.0408656, 121.5250486 25.0408778, 121.5250439 25.0408875, 121.5250352 25.0408924, 121.5250285 25.0408933))",25.04083540777732,121.52507971273825
闊景平台,viewpoint,"POLYGON ((121.5443974 25.0043118, 121.5445107 25.0042747, 121.5444698 25.0041569, 121.5444329 25.004172, 121.5444296 25.00422, 121.54439 25.0042389, 121.544384 25.0042839, 121.5443974 25.0043118))",25.004243676813193,121.54444630784538
瞭望平台,viewpoint,"POLYGON ((121.5455447 25.0044941, 121.5456352 25.0044437, 121.5455782 25.0043641, 121.545544 25.0043811, 121.5455159 25.0044473, 121.5455447 25.0044941))",25.004430544914413,121.54556957391793
大樹平台,viewpoint,"POLYGON ((121.5468792 25.0042316, 121.5469509 25.0042431, 121.5469911 25.0042176, 121.5469817 25.0041259, 121.5469207 25.004135, 121.5469214 25.0041575, 121.5468751 25.0041951, 121.5468792 25.0042316))",25.004189612953546,121.54693923456047
中正紀念堂,museum,"POLYGON ((121.5215715 25.0353922, 121.5213738 25.0350601, 121.5213651 25.0350644, 121.5211699 25.0351598, 121.5211408 25.0351133, 121.5211099 25.0350615, 121.5210357 25.0349364, 121.5210111 25.0348954, 121.5209818 25.0348435, 121.5211769 25.0347481, 121.5211856 25.0347439, 121.5209856 25.0344078, 121.5214481 25.0341818, 121.5214917 25.0341605, 121.5215659 25.0341243, 121.5216008 25.0341072, 121.5220633 25.0338812, 121.5226492 25.0348656, 121.5221867 25.0350916, 121.5221518 25.0351087, 121.5220776 25.0351449, 121.522034 25.0351662, 121.5215715 25.0353922))",25.034654855412647,121.5217805563807
自由廣場,attraction,"POLYGON ((121.5184776 25.0368938, 121.5185123 25.0368768, 121.5185605 25.0368532, 121.5187088 25.0367808, 121.5187253 25.0368084, 121.5188606 25.0367423, 121.5189076 25.0367551, 121.5189425 25.036738, 121.5189354 25.0367262, 121.5188813 25.0366353, 121.518973 25.0365905, 121.5190646 25.0365457, 121.5191187 25.0366366, 121.5191257 25.0366485, 121.5191607 25.0366314, 121.5191747 25.0365888, 121.5193144 25.0365206, 121.5192979 25.0364929, 121.5194462 25.0364205, 121.5195004 25.0363963, 121.5195292 25.0363799, 121.5194727 25.0362851, 121.5194538 25.0362534, 121.5193409 25.0360637, 121.5192891 25.0359767, 121.519195 25.0358186, 121.519148 25.0357395, 121.5190327 25.0355458, 121.5190115 25.0355102, 121.5189926 25.0354786, 121.5189625 25.0354279, 121.5189317 25.0354425, 121.518901 25.035457, 121.5187526 25.0355295, 121.5187361 25.0355019, 121.5185878 25.0355743, 121.5185408 25.0355616, 121.5184928 25.0355851, 121.5185022 25.0356008, 121.5185516 25.0356839, 121.5184644 25.0357265, 121.5183771 25.0357692, 121.5183278 25.0356861, 121.5183182 25.0356703, 121.5182746 25.0356916, 121.5182605 25.0357342, 121.5181078 25.0358089, 121.5181243 25.0358365, 121.517976 25.035909, 121.5179458 25.0359238, 121.5179105 25.035941, 121.5179458 25.0360003, 121.5179599 25.036024, 121.5179858 25.0360675, 121.5181011 25.0362612, 121.5181434 25.0363324, 121.5182376 25.0364905, 121.5182893 25.0365775, 121.5184023 25.0367673, 121.5184211 25.0367989, 121.5184423 25.0368345, 121.5184776 25.0368938))",25.036159042929498,121.51871907705585
民主大道,attraction,"POLYGON ((121.5194939 25.0363206, 121.5197208 25.0362098, 121.5197294 25.0362055, 121.5197382 25.0362012, 121.5198604 25.0361415, 121.519978 25.0363392, 121.5199943 25.0363287, 121.5200065 25.0363208, 121.5198909 25.0361266, 121.5212872 25.0354444, 121.521266 25.0354088, 121.5212471 25.0353772, 121.5198553 25.0360573, 121.5197423 25.0358675, 121.5210818 25.035213, 121.5210913 25.0352239, 121.5211004 25.0352327, 121.5211111 25.0352394, 121.5211232 25.0352419, 121.5211351 25.0352424, 121.5211483 25.0352398, 121.5211624 25.0352349, 121.5211244 25.035171, 121.5211015 25.0351325, 121.5209718 25.0349146, 121.5209511 25.0348798, 121.520913 25.0348158, 121.5209011 25.0348241, 121.5208904 25.0348323, 121.520885 25.0348438, 121.5208833 25.0348549, 121.5208837 25.0348669, 121.520886 25.0348779, 121.5208889 25.0348888, 121.5195494 25.0355434, 121.5194341 25.0353496, 121.520826 25.0346695, 121.5208048 25.0346339, 121.520786 25.0346023, 121.5193941 25.0352824, 121.519257 25.0350521, 121.5192379 25.035058, 121.5192079 25.0350672, 121.5192319 25.0350858, 121.5193592 25.0352995, 121.5192414 25.0353571, 121.5192326 25.0353613, 121.5192195 25.0353677, 121.5189926 25.0354786, 121.5190115 25.0355102, 121.5190327 25.0355458, 121.5193992 25.0353667, 121.5195145 25.0355604, 121.519148 25.0357395, 121.519195 25.0358186, 121.5192891 25.0359767, 121.5193409 25.0360637, 121.5197074 25.0358846, 121.5198204 25.0360744, 121.5194538 25.0362534, 121.5194727 25.0362851, 121.5194939 25.0363206))",25.035467409426712,121.52012714090614
島頭公園觀景臺,viewpoint,"POLYGON ((121.4655828 25.1104593, 121.465569 25.1103812, 121.4655656 25.1103621, 121.4656901 25.1103388, 121.4656976 25.1104447, 121.4655828 25.1104593))",25.110400369158015,121.46563462922151
台北101,attraction,"POLYGON ((121.5638833 25.0345473, 121.5638708 25.0340092, 121.563864 25.0337137, 121.5638634 25.0336843, 121.5638626 25.0336503, 121.5638583 25.0334672, 121.5639777 25.0334649, 121.5639772 25.0334429, 121.5639763 25.0334021, 121.5640471 25.0334008, 121.5641188 25.0333994, 121.5641197 25.0334403, 121.5641202 25.0334622, 121.5642445 25.0334599, 121.5642464 25.0335443, 121.5644871 25.0335397, 121.5644836 25.0333845, 121.5647106 25.0333802, 121.5647111 25.0333992, 121.5647455 25.0333986, 121.5647448 25.033372, 121.5647445 25.0333585, 121.5647428 25.0332826, 121.5648023 25.0332814, 121.5648611 25.0332803, 121.5648629 25.0333563, 121.5648632 25.0333697, 121.5648638 25.0333963, 121.5648975 25.0333957, 121.5648971 25.0333767, 121.5651216 25.0333724, 121.565127 25.0336073, 121.5651453 25.033607, 121.565233 25.0336053, 121.5652343 25.0336604, 121.5652356 25.0337159, 121.5651478 25.0337176, 121.5651296 25.0337179, 121.565135 25.0339524, 121.5649646 25.0339556, 121.5649697 25.0341766, 121.565062 25.0341748, 121.5650644 25.0342826, 121.5650793 25.0342823, 121.5651312 25.0342813, 121.5651328 25.0343512, 121.5651344 25.0344193, 121.5650824 25.0344203, 121.5650676 25.0344206, 121.5650701 25.0345247, 121.5648657 25.0345286, 121.5648295 25.0345293, 121.5647949 25.03453, 121.5645936 25.0345338, 121.5645919 25.0345528, 121.5645903 25.0345718, 121.5645891 25.034586, 121.5645952 25.0346057, 121.5645646 25.0346063, 121.5644768 25.0346079, 121.5643891 25.0346096, 121.5643551 25.0346102, 121.5643602 25.0345903, 121.5643584 25.0345762, 121.5643559 25.0345574, 121.5643534 25.0345384, 121.5641556 25.0345421, 121.5641195 25.0345428, 121.5640831 25.0345435, 121.5638833 25.0345473))",25.033972620170985,121.5644968458008
LDK58蒸汽火車,attraction,"POLYGON ((121.5179918 25.0477924, 121.5180178 25.0477885, 121.5179828 25.0475928, 121.5179568 25.0475966, 121.5179918 25.0477924))",25.04769258608827,121.51798730087572
市景平台,viewpoint,"POLYGON ((121.5355741 25.1409611, 121.5355777 25.1408985, 121.5355288 25.1409111, 121.535553 25.1409546, 121.5355741 25.1409611))",25.140927332832494,121.5355585418129
雞心崙平台,viewpoint,"POLYGON ((121.5677181 25.16522, 121.567751 25.1652135, 121.5677518 25.1652193, 121.5677538 25.1652265, 121.5677708 25.1652245, 121.5677618 25.1651898, 121.5677586 25.1651728, 121.5677225 25.1651823, 121.5677213 25.1651764, 121.5677207 25.1651698, 121.5677058 25.1651727, 121.5677137 25.165204, 121.5677181 25.16522))",25.165197767652703,121.56773870652462
崗哨觀景臺,viewpoint,"POLYGON ((121.6113559 25.0497847, 121.6113694 25.0497422, 121.6114146 25.0497539, 121.6114011 25.0497965, 121.6113559 25.0497847))",25.049769329425175,121.61138525744835
臺北自來水園區環境教育中心,attraction,"POLYGON ((121.5322891 25.0125096, 121.5323025 25.0124978, 121.5324376 25.0123778, 121.5324398 25.0123798, 121.5324742 25.0123493, 121.5324903 25.012335, 121.5325111 25.0123165, 121.5325259 25.0123034, 121.5325534 25.012279, 121.5325681 25.0122659, 121.5325912 25.0122455, 121.5326064 25.012232, 121.5326386 25.0122034, 121.5325812 25.0121503, 121.5325906 25.0121421, 121.5325208 25.0120775, 121.5325115 25.0120858, 121.5324928 25.0120685, 121.5324665 25.0120919, 121.5323455 25.0121992, 121.5323243 25.012218, 121.5321455 25.0123767, 121.5322891 25.0125096))",25.012286841321313,121.53239423796572
自來水博物館,museum,"POLYGON ((121.5300928 25.0125624, 121.5300972 25.0125663, 121.5300669 25.0125941, 121.5300622 25.0125899, 121.5300487 25.0126037, 121.530035 25.0126191, 121.530022 25.012635, 121.5300099 25.0126514, 121.5299986 25.0126683, 121.5299881 25.0126857, 121.5299785 25.0127035, 121.5300057 25.0127132, 121.5300022 25.0127217, 121.5300105 25.0127245, 121.5299919 25.0127693, 121.5299837 25.0127665, 121.5299802 25.0127749, 121.5299709 25.0127718, 121.5299674 25.0127802, 121.5299217 25.0127646, 121.5299174 25.0127632, 121.5299209 25.0127547, 121.5299104 25.0127512, 121.5299125 25.0127462, 121.529833 25.0127191, 121.529839 25.0127039, 121.5298428 25.0126943, 121.5298448 25.0126891, 121.5298585 25.0126596, 121.529874 25.0126309, 121.5298913 25.0126031, 121.5299102 25.0125762, 121.5299308 25.0125503, 121.529953 25.0125255, 121.529958 25.0125206, 121.5299639 25.0125147, 121.5299768 25.0125019, 121.5300019 25.0124795, 121.5300284 25.0124585, 121.5300562 25.0124389, 121.5300851 25.0124207, 121.5301152 25.012404, 121.5301462 25.0123889, 121.5301782 25.0123754, 121.5301817 25.0123741, 121.5302109 25.0123635, 121.5302443 25.0123534, 121.5302712 25.0124306, 121.5302756 25.0124293, 121.5302788 25.0124379, 121.530288 25.0124351, 121.5303048 25.0124807, 121.5302956 25.0124835, 121.5302989 25.0124927, 121.53029 25.0124954, 121.530293 25.0125036, 121.5302413 25.0125192, 121.5302383 25.012511, 121.530232 25.0125129, 121.530222 25.0124862, 121.5302023 25.0124946, 121.530183 25.0125038, 121.5301641 25.0125138, 121.5301458 25.0125245, 121.530128 25.012536, 121.5301109 25.0125482, 121.5300943 25.0125611, 121.5300928 25.0125624))",25.0125518074456,121.53005425276199
腊葉館,museum,"POLYGON ((121.5089347 25.0318388, 121.5089407 25.0318146, 121.5089515 25.0318168, 121.5089534 25.0318089, 121.5089568 25.0317953, 121.5089616 25.0317756, 121.5089508 25.0317734, 121.5089576 25.0317458, 121.5088793 25.03173, 121.5088323 25.0317206, 121.5088256 25.0317482, 121.5088135 25.0317458, 121.5088034 25.031787, 121.5088155 25.0317894, 121.5088095 25.0318136, 121.5089347 25.0318388))",25.03177975555204,121.50888321725817
馬蹄形平台,viewpoint,"POLYGON ((121.5837255 25.0201958, 121.5837733 25.0202351, 121.5837703 25.0202757, 121.5837509 25.0202752, 121.5837333 25.0202797, 121.5837141 25.0202758, 121.5836989 25.0202667, 121.5836899 25.0202513, 121.5836904 25.020239, 121.5837054 25.0202192, 121.5837255 25.0201958))",25.020243849071743,121.58373235596477
賞機平台ˊ,attraction,"POLYGON ((121.5383618 25.0699706, 121.5384358 25.0699706, 121.5384421 25.0700818, 121.5384304 25.070112, 121.5384123 25.0701243, 121.5383744 25.0701292, 121.5383618 25.0699706))",25.07004459064731,121.53840244290683
頭廷魁文史館,museum,"POLYGON ((121.5741013 24.9947048, 121.5741979 24.994585, 121.5742931 24.9946481, 121.5741965 24.9947679, 121.5741013 24.9947048))",24.994676450000004,121.5741972
美國醫藥助華紀念館 (安齋),museum,"POLYGON ((121.5276542 25.0168016, 121.5278207 25.0168691, 121.5278097 25.0168913, 121.5278534 25.016909, 121.5278395 25.0169372, 121.5278703 25.0169544, 121.5278804 25.0169601, 121.5279066 25.016907, 121.5279016 25.016905, 121.5278973 25.0169032, 121.5279288 25.0168393, 121.5278896 25.0168234, 121.5278998 25.0168028, 121.5277681 25.0167494, 121.527796 25.0166928, 121.5276249 25.0166235, 121.5275855 25.0167034, 121.5276002 25.0167094, 121.5275894 25.0167313, 121.5276723 25.0167648, 121.5276542 25.0168016))",25.016776196766198,121.52775527100859
植物標本館,museum,"POLYGON ((121.5351243 25.0162692, 121.5352554 25.0162711, 121.535254 25.0163538, 121.5352646 25.016354, 121.5352644 25.0163704, 121.5352641 25.0163862, 121.5352534 25.0163861, 121.5352533 25.0163954, 121.5352471 25.0163953, 121.5352453 25.0165022, 121.5352514 25.0165023, 121.5352487 25.0166636, 121.535207 25.016663, 121.5351193 25.0166617, 121.5351215 25.0165326, 121.5351218 25.0165163, 121.5351221 25.0165005, 121.5351254 25.0165005, 121.5351273 25.0163936, 121.5351222 25.0163935, 121.5351243 25.0162692))",25.01646554962039,121.53518721213119
天狗庵史蹟公園,attraction,"POLYGON ((121.5069182 25.1358245, 121.5069048 25.1357505, 121.5065749 25.1356983, 121.5065495 25.1357748, 121.5065789 25.1358203, 121.5066647 25.1358173, 121.5068659 25.1358476, 121.5069182 25.1358245))",25.135776140774365,121.50673019121022
和興炭坑,attraction,"POLYGON ((121.5809372 25.022623, 121.5808903 25.0226211, 121.5808912 25.0226038, 121.5808918 25.0225907, 121.5809387 25.0225926, 121.5809372 25.022623))",25.022606850814654,121.58091451155329
