user_id,source_name,target_name,alpha,beta,gamma,chosen_path,total_cost,feedback,duration
Tony,觀景台,青年公園苗圃,2.0,0.0,1.0,"[2415947927, 9922669322, 5737783929, 4743356075, 5233426749]",8440.58,5,22.1
Tony,南港公園,青年公園苗圃,2.0,0.0,1.0,"[1481101527, 6335106452, 8571221340, 8123675210, 3224548345, 4401672911, 4639431286, 5954641191, 5462750694, 4501257097]",7915.12,5,24.49
Tony,台北101,南機場夜市,2.0,0.0,1.0,"[2922948063, 9567864884, 8251941547, 7104174533, 6388907569, 3058808952, 6907116806, 2419706912, 3740330830, 8043698621]",4028.69,5,11.34
Tony,南機場夜市,士林夜市,2.0,0.0,1.0,"[9564586872, 6381026650, 8030273356, 4659485456, 1457371766, 1550007160, 2149506220, 6255412305, 5111026556, 6613721444, 9377132623, 8641945661, 2612635079]",4036.51,4,7.32
Tony,南機場夜市,台北101,2.0,0.0,1.0,"[3090916799, 3181893333, 3581362025, 9657169943, 5714478337, 1248223268, 1687568996, 9024454405, 9769762305, 8422634612]",4176.43,5,11.51
Tony,寧夏夜市,台北101,2.0,0.0,1.0,"[3074721806, 9803224449, 5427308626, 4892429151, 2582111026]",8094.1,5,15.06
Tony,南機場夜市,士林夜市,2.0,0.0,1.0,"[3184641551, 7936265195, 8137025488, 9769618886, 3280843526, 4268038423, 8221847579]",8391.21,3,39.43
Tony,南港公園,南機場夜市,2.0,0.0,1.0,"[4212990388, 1950034356, 1056171784, 5115266788, 3340411604, 9822556101, 4252718572]",9267.47,4,16.34
Tony,士林夜市,南港公園,2.0,0.0,1.0,"[7565726021, 4132276135, 7740453541, 6903477973, 2702727480, 2136051069, 6581573771, 7196906576, 8821255008, 7447078901, 1570401440, 6334165307, 1011959989, 2610096847, 6769777741]",8353.63,5,20.99
Tony,台北101,南港公園,2.0,0.0,1.0,"[4415107459, 8893626220, 1431245679, 8776545156, 6606016309, 6966870224, 6897200491, 5052842700, 7375356988, 8147029475, 3861837659]",8040.09,5,17.23
Tony,南港公園,士林夜市,2.0,0.0,1.0,"[3764264385, 1074068015, 4258621033, 3298361390, 4734507157, 6473233790, 5073178938, 1435708552, 2950136704, 6840416954, 9994639402, 1953126925, 5136794303]",8797.15,4,18.7
Tony,寧夏夜市,南機場夜市,2.0,0.0,1.0,"[2756382561, 9126734696, 2769365596, 3477745838, 7913060409, 5880214850, 1346976367, 7407034868, 8718275463, 9471343953]",7146.89,4,26.03
Tony,南機場夜市,士林夜市,2.0,0.0,1.0,"[9124213649, 8760010551, 3292014244, 6185594771, 7302682615, 4645112718, 6655855600, 6853283204, 5932074294, 3204184881, 7373509462, 3124663544, 7444112225, 1630419149, 2055170163]",5140.42,4,17.09
Tony,南機場夜市,青年公園苗圃,2.0,0.0,1.0,"[3802226742, 1827113191, 9153956810, 1874797226, 9738170435, 6688051008, 5525854605, 4789479125, 6532098702, 1816658108]",9777.43,3,26.11
Tony,寧夏夜市,青年公園苗圃,2.0,0.0,1.0,"[2438817346, 7595713187, 3051762333, 9964071542, 5594585079, 4298397664]",4237.04,4,8.54
Tony,寧夏夜市,觀景台,2.0,0.0,1.0,"[1910725654, 8711482897, 9810993052, 3355786607, 3599320492, 9203055185, 6019792935, 1449224563]",3493.85,5,9.12
Tony,南機場夜市,觀景台,2.0,0.0,1.0,"[7046294892, 8099379921, 7768606575, 6792190243, 2629639697, 5005788266, 1687920078, 6623535819, 7314310715]",5973.09,3,12.12
Tony,青年公園苗圃,觀景台,2.0,0.0,1.0,"[1554482291, 1780826209, 1859431027, 9388666874, 2408999371, 9463804085, 3613327214, 4516510846, 6858506034]",3215.39,5,5.91
Tony,寧夏夜市,南港公園,2.0,0.0,1.0,"[2945239563, 6260494932, 7901205663, 3174007886, 2518508422, 7856198838, 4708940352, 1882583889, 7488416480, 2730535808]",4194.95,4,16.51
Tony,南機場夜市,觀景台,2.0,0.0,1.0,"[9545562419, 3894340954, 9234070595, 1754943519, 3698748969, 8060802156, 3711392813, 6603510205, 4985096673, 9731639895, 4417542938, 7099981855, 1395744090, 2905113432, 8753637830]",5734.54,3,10.86
Tony,寧夏夜市,南機場夜市,2.0,0.0,1.0,"[8418030602, 7911841437, 3383329350, 3461270602, 9816821041, 4817145732, 4262277947, 7149137139, 1543317962, 5051182741, 5247107009]",6202.88,3,21.61
Tony,青年公園苗圃,寧夏夜市,2.0,0.0,1.0,"[8722725926, 6867397061, 6307187198, 3837890865, 7080691443, 6142020195]",3724.15,5,9.95
Tony,寧夏夜市,台北101,2.0,0.0,1.0,"[7794922650, 1067958812, 1317602463, 8281561068, 1365469637]",6929.66,3,13.07
Tony,南機場夜市,寧夏夜市,2.0,0.0,1.0,"[5999174618, 5619639248, 9237082839, 5634237223, 3884787366, 5826710179, 3930178775, 7114274458]",6362.24,5,19.96
Tony,觀景台,士林夜市,2.0,0.0,1.0,"[6612149096, 3388355131, 3561279287, 5130675990, 2159690878]",7269.49,3,15.25
Tony,南機場夜市,士林夜市,2.0,0.0,1.0,"[6778604755, 4056876785, 9570166163, 7619285502, 4250278724, 5303206632, 8308573061, 7115108530, 3123400837, 3175713192, 2647567816, 2550193255]",9713.45,4,19.59
Tony,南港公園,觀景台,2.0,0.0,1.0,"[3270165905, 2958638728, 5908403840, 8510594251, 2987356667, 1100596256, 1260519040, 9808741173, 3282904426, 3699043398, 6249970895, 6288738306, 5208119948, 8924435522, 6843233572]",8264.53,3,14.93
Tony,台北101,寧夏夜市,2.0,0.0,1.0,"[5983417079, 3038242516, 3255245870, 3725014864, 8281267362, 6066302405, 5518798032, 4186264184, 8518086596, 9739477145, 2710910093, 6523238814]",9623.69,4,36.82
Tony,青年公園苗圃,台北101,2.0,0.0,1.0,"[6484445673, 3483536416, 9695257860, 2595680549, 9150206512]",9725.04,4,16.34
Tony,南機場夜市,觀景台,2.0,0.0,1.0,"[5699453423, 1054278192, 7431615014, 7265271720, 7414413064, 1276425297, 9626634298, 5299248170, 8075648766, 4279500226, 6145624896, 7784420765]",4260.92,3,9.35
Tony,南港公園,觀景台,2.0,0.0,1.0,"[9749785564, 1880017387, 4312414252, 6714145879, 6236159590, 4903784640, 6108349163, 1536371857, 6802252289, 4058955305, 1508877118, 4053499000, 5381081687, 2235011775]",6882.39,3,23.24
Tony,士林夜市,南港公園,2.0,0.0,1.0,"[6154494352, 5793930421, 9126201358, 8323392851, 5459550481, 3853906911, 9806534095, 5628207260, 8593052407, 3956498052, 7850076757, 2317386438, 5861064981]",6071.39,4,12.41
Tony,寧夏夜市,觀景台,2.0,0.0,1.0,"[3902724126, 1695998923, 2768581036, 7438640572, 4163931305, 1736220395, 7560502396, 5321062419, 8609888316, 6664268731, 9473070909, 3151108928, 4100496654, 4331523281, 9348410281]",5218.48,3,10.28
Tony,南港公園,士林夜市,2.0,0.0,1.0,"[3734113624, 5807242273, 6302238409, 1613119136, 1105110371, 4823013158, 2001459344, 3512134265, 4126153599, 8387685530, 5310488010, 6174588149]",4334.1,4,9.15
Tony,南機場夜市,士林夜市,2.0,0.0,1.0,"[4251329699, 9125635708, 6832495593, 7321105715, 5211949630, 7207912979, 6847403442, 1214876344, 6059312834, 2202063057, 5280160772, 7410890190, 9178966419, 5763849657, 3617244129]",3907.02,4,7.25
Tony,觀景台,青年公園苗圃,2.0,0.0,1.0,"[6150748023, 2425400546, 9422661889, 1624715983, 2380158673, 5778626930, 2505365046, 3665002978, 4324629456, 5958928636, 1698386015]",3135.65,3,5.45
Tony,南機場夜市,台北101,2.0,0.0,1.0,"[7102060091, 6754622171, 1269313337, 5520570734, 9656580592, 7213707716, 1292170657, 8722495208, 6731802524, 3406409153, 6869303216, 7023926577]",7138.25,5,16.07
Tony,士林夜市,台北101,2.0,0.0,1.0,"[8604006498, 7912259406, 3239301712, 1275218217, 4028846114, 2802126710, 9297257445, 6252464972, 5309860707, 2333495755, 6709882490]",5392.13,3,9.89
Tony,青年公園苗圃,寧夏夜市,2.0,0.0,1.0,"[6270431583, 1154182625, 2709204652, 4260666902, 5143538434, 9587680415, 4985089471, 9520583978, 9509073626, 6857083233, 8101743586, 8814177906, 2179925362, 3325061853, 6542472244]",7325.14,4,18.95
Tony,士林夜市,台北101,2.0,0.0,1.0,"[1812243345, 9222272241, 4751705503, 4515817319, 6584387258, 4150822196, 8340107085, 1663324689]",6335.84,4,21.99
Tony,士林夜市,南港公園,2.0,0.0,1.0,"[4062470163, 2193561403, 8731623430, 9645871919, 2327842896, 5818388476, 1438204734, 1539726337, 9183106423, 9954926069]",5084.88,3,14.85
Tony,觀景台,南機場夜市,2.0,0.0,1.0,"[9767355853, 8207137040, 4532712907, 9023304640, 3610148784, 6646773308, 4786879154, 4821138150, 5033104018, 4786197666, 6646048708, 9270759103, 9012793170, 8412501679]",3349.15,5,10.22
Tony,觀景台,寧夏夜市,2.0,0.0,1.0,"[7776217297, 9325593514, 8082706293, 4000640625, 4015539229, 4247883578, 1984556261, 9719995391, 8190378262, 2488909112, 5270984671, 3043761464, 9596516453, 5430894920]",7128.65,4,17.84
Tony,寧夏夜市,南港公園,2.0,0.0,1.0,"[2485341354, 2072659879, 7973807724, 8684515302, 4226956582, 3099476583, 3183230419, 2464003187, 7749457867]",3593.6,4,7.64
Tony,觀景台,南港公園,2.0,0.0,1.0,"[9580828765, 4300926039, 6815702219, 4236195019, 7090177186, 1906888339, 2353131309, 2385648324, 8265443254, 3296721655, 6202782593, 3879217874]",7448.67,3,20.04
Tony,台北101,南機場夜市,2.0,0.0,1.0,"[5530599806, 2874451299, 1250393589, 8005664593, 7680703347, 8201109683, 3812914474, 8963818802, 9674746494, 4570274786, 4356819420, 1803521671, 3756884879, 5149032999, 5801662566]",5519.26,3,17.18
Tony,觀景台,台北101,2.0,0.0,1.0,"[1829598239, 6230027981, 1078488559, 1496099674, 2588570738, 2540582555]",5820.54,4,20.84
Tony,士林夜市,青年公園苗圃,2.0,0.0,1.0,"[8101564842, 3507775133, 8856711603, 8688970594, 1763618393]",8543.48,5,16.85
Tony,士林夜市,台北101,2.0,0.0,1.0,"[6304087692, 9348243038, 7502843275, 5271559822, 4516525207, 2094478911, 1814443025, 2960664408, 5779195632, 1665374809, 7438572938, 8857665770, 7069749464]",8360.93,4,15.64
Tony,台北101,寧夏夜市,2.0,0.0,1.0,"[5973951445, 5134654767, 3721916594, 6538340297, 5567653679, 4675509496, 3226895485, 1073625994, 2234399514, 1647302666, 1622333023, 4944740500]",8338.58,4,22.23
Tony,南機場夜市,青年公園苗圃,2.0,0.0,1.0,"[6223327125, 7586398319, 3419554368, 5833215816, 8191503739, 5609170929, 7030204017, 3754426061, 2648049402, 3916176761, 5791049146, 5995782728]",8065.03,4,30.82
Tony,士林夜市,觀景台,2.0,0.0,1.0,"[7833402783, 4188333294, 6187781661, 9114126248, 2080771901, 4156143965, 2435096388, 8688191534, 1892618993, 4701600532, 3973878597, 3800132059]",8340.25,5,18.79
Tony,觀景台,南機場夜市,2.0,0.0,1.0,"[7348222388, 6975215916, 1142861302, 1747770808, 9031857112, 7414403649, 4472076620, 1339655259, 9886885587, 3018668365, 8896533987, 3756757966, 1197978794, 3562475042]",9265.15,3,30.34
Tony,寧夏夜市,南機場夜市,2.0,0.0,1.0,"[3776219468, 1524247722, 1131713426, 4750460942, 1413677412, 6629746781, 5958523603, 2834237062, 9133147901, 8886006297, 8714222483]",3087.76,4,5.34
Tony,南機場夜市,南港公園,2.0,0.0,1.0,"[2964623664, 8311481944, 6580170950, 5495749747, 7002047699, 2708454601, 4560084618, 9846074700, 9983807904, 3450073289, 1435851825, 2617815005, 6871942984, 3545169234]",5111.04,5,12.39
Tony,青年公園苗圃,南港公園,2.0,0.0,1.0,"[9494466440, 9975912083, 3841559533, 4102715354, 7131975254, 2328699050, 8382091364, 5873425450, 4283039403, 9394890594]",3233.57,5,9.37
Tony,寧夏夜市,士林夜市,2.0,0.0,1.0,"[6058566101, 8981342468, 2155679127, 9322736665, 1566276702, 9370876655, 3153440686, 9492320228, 1559562750, 6181644379, 8378950733, 1708632512, 2107509678, 3524018880, 1523587040]",7001.74,5,18.6
Tony,台北101,南港公園,2.0,0.0,1.0,"[9232538423, 4144135240, 5903027377, 2475909277, 8856763106, 6112516659, 9872933678, 1911801954]",8322.99,4,19.54
Tony,青年公園苗圃,觀景台,2.0,0.0,1.0,"[5530441357, 1643199726, 9701929231, 8400622239, 4669789880, 2583709648]",6336.34,3,13.41
Tony,士林夜市,南機場夜市,2.0,0.0,1.0,"[4112663497, 5015302927, 1402243544, 2141069097, 9394801994, 5716401277]",6616.34,3,19.32
Tony,觀景台,士林夜市,2.0,0.0,1.0,"[1672262753, 4945384173, 2078423860, 9685152737, 3461808594, 8121610034, 3040591013, 5835991259]",7487.38,5,27.59
Tony,南機場夜市,南港公園,2.0,0.0,1.0,"[7826947940, 9197436007, 3741368176, 4465806690, 2882648981]",5569.96,5,13.06
Tony,觀景台,南港公園,2.0,0.0,1.0,"[1053876871, 4073085619, 1205162098, 6405722031, 9454086340]",8344.04,4,14.57
Tony,觀景台,寧夏夜市,2.0,0.0,1.0,"[5540615939, 5083646607, 9398253950, 2164085393, 3298529734, 7350307203, 8089748728, 5109565412, 9991581694, 9151442278, 4347290089, 1838348490]",5625.79,4,12.52
Tony,南機場夜市,青年公園苗圃,2.0,0.0,1.0,"[3067541310, 3118442492, 7784945775, 9430038742, 9593486751, 2813698755, 6251693371, 8230224799, 4166918320, 2115099208, 9565372894, 7840419213]",8917.86,3,16.62
Tony,士林夜市,南機場夜市,2.0,0.0,1.0,"[3221549658, 1699410625, 9860490439, 9243774816, 5707211555]",4161.29,3,11.7
Tony,南機場夜市,士林夜市,2.0,0.0,1.0,"[3813023299, 7279338280, 1513044490, 6209419871, 2808689610, 9264068230, 5205698525, 8001247844, 1295066295, 1650212906, 5614591158, 9022952838, 4951084118, 9103973815]",8853.0,4,29.61
Tony,觀景台,台北101,2.0,0.0,1.0,"[2196260679, 3051576173, 2891113220, 5551068575, 5174774779, 5686795108, 2012711061, 7231074371, 2764701105, 7178123918, 7879351662, 8920239290, 3942883978, 4901632270]",8271.45,3,16.77
Tony,士林夜市,台北101,2.0,0.0,1.0,"[4007930811, 4037546147, 8823036795, 9880336953, 9918545539, 1359724627, 2797504400, 8794391078, 2848507161, 8665655677, 4314521141]",8169.48,3,37.88
Tony,南港公園,寧夏夜市,2.0,0.0,1.0,"[4237475606, 1550152152, 1661693416, 3071580486, 8079129931, 2021056522, 4330209882]",6020.71,4,10.94
Tony,南港公園,南機場夜市,2.0,0.0,1.0,"[1532551719, 9012798646, 4212206251, 1184244213, 1960624362, 1581908088, 5126375963, 6435080606, 4319176560, 8092219293, 3158683809, 9662022767, 6002456964, 7476644632]",7330.72,4,17.0
Tony,青年公園苗圃,觀景台,2.0,0.0,1.0,"[1447652776, 7596978637, 2417178057, 7944574000, 5495974227, 8222148954, 6006963231, 7264886253, 9737035268, 2234856855, 4764405896, 6287424706, 6505830247, 3572595088]",8795.46,5,22.04
Tony,青年公園苗圃,觀景台,2.0,0.0,1.0,"[8504628973, 8022074602, 1671153040, 3975101617, 1594487270, 4623163905, 7008192473, 3441649453, 7675020885, 7124349366, 5293010232, 1579781873]",3761.14,3,12.36
Tony,青年公園苗圃,觀景台,2.0,0.0,1.0,"[6768342519, 1719647816, 3962685666, 1351418216, 5697207067, 8102769968, 4566756098, 1705260922, 7786286363, 4116069886, 8482979233, 1471404619]",7584.11,5,13.39
Tony,台北101,南港公園,2.0,0.0,1.0,"[1273951766, 9093665147, 8243853552, 7013813897, 2076436305, 7114424962, 3260632930, 6045882402, 4745096443, 7973126910]",7336.05,3,20.47
Tony,寧夏夜市,青年公園苗圃,2.0,0.0,1.0,"[8591901473, 6459882350, 1673551855, 5280837542, 2110911714, 3412560005, 9251472975, 2821040393, 2896015370]",8476.92,3,20.92
Tony,寧夏夜市,南機場夜市,2.0,0.0,1.0,"[7011931163, 6498388218, 8358014128, 2794822059, 9249452931, 3399495315, 1874018944, 4244608397, 8015619079, 3000948333, 7992587982, 9395929283, 7140652684]",4970.91,5,10.18
Tony,士林夜市,觀景台,2.0,0.0,1.0,"[5862705559, 6447550134, 3190721782, 3719344076, 8083365585, 1117363449, 3306544557, 8260246168, 7436966040, 1215055437, 2361503550, 5132429752]",5470.15,3,14.07
Tony,青年公園苗圃,南機場夜市,2.0,0.0,1.0,"[3148050451, 7749980756, 4356730513, 8077221071, 9278207174, 9694769303, 9593418956, 5802507453, 9481127529, 9572590018, 2924889835, 7430362049, 7690747199, 6412850043, 9980465483]",4006.11,4,13.41
Tony,觀景台,台北101,2.0,0.0,1.0,"[4329348967, 3831385760, 8274018034, 3886865861, 1272149450, 1021694279, 1261612943, 5260966405, 5493243850, 8633136452, 2680359510, 6111955628]",9936.38,5,18.61
Tony,觀景台,青年公園苗圃,2.0,0.0,1.0,"[9159065407, 1562932168, 4390048016, 9365526022, 5758880547, 4279432801, 9812258759, 7437151784, 7081241785, 1866151613, 9653450997, 7434029186, 2367844089, 2224754127]",4342.7,5,9.15
Tony,青年公園苗圃,台北101,2.0,0.0,1.0,"[4848949282, 9927907098, 1390314616, 8445924384, 4178189227, 9379045328, 7620556808, 9559140012, 2139763045, 2155427637, 1396840722]",7822.68,4,14.3
Tony,南港公園,青年公園苗圃,2.0,0.0,1.0,"[3863541679, 6205023077, 2819737927, 4685740380, 1118667753, 8717402550, 4396897856, 7554556867, 6321771413, 9526924114, 6665541531, 1334012303]",3500.93,4,8.59
Tony,寧夏夜市,觀景台,2.0,0.0,1.0,"[3913457796, 2803451253, 4676987513, 9557661694, 6042518380]",7175.19,4,21.81
Tony,青年公園苗圃,南港公園,2.0,0.0,1.0,"[6447747121, 2140335941, 5542284235, 1972335720, 6855845507, 3110251050, 7449179559, 5106839804, 5166535007, 3333858379]",8467.69,3,16.43
Tony,士林夜市,青年公園苗圃,2.0,0.0,1.0,"[3370214106, 8958873424, 3345073388, 3126554122, 6133565727, 1174862380, 7015199282, 4710161526, 1374893410, 3437808535, 3564884740]",3054.98,5,5.99
Tony,觀景台,青年公園苗圃,2.0,0.0,1.0,"[7503003855, 1948428359, 6831606386, 9143071630, 3766798786, 1989376439, 2442938019, 1699638208, 2927370904, 1395019778]",3586.3,3,15.76
Tony,寧夏夜市,士林夜市,2.0,0.0,1.0,"[8490799896, 6974578009, 6328906260, 4787327762, 6296334313, 1841795125, 8761077444]",8696.03,5,17.37
Tony,觀景台,南港公園,2.0,0.0,1.0,"[2000940524, 4443589750, 9655444317, 2314196131, 5749242472, 6110066772, 5845391095, 6973794608, 5774836238, 7349184851, 8792341902, 6198056077, 6986431176]",3498.54,4,7.92
Tony,台北101,觀景台,2.0,0.0,1.0,"[4393413639, 1229719896, 2364615087, 8604136390, 1293182429, 1367119029, 3783215444, 7990536732, 8548976831, 3582335860, 4322816350, 7698040675]",5455.85,4,9.74
Tony,觀景台,南機場夜市,2.0,0.0,1.0,"[7802934788, 4127224999, 5218727538, 6203110728, 8544726042, 1543013861, 5021828895]",8109.36,4,14.49
Tony,觀景台,士林夜市,2.0,0.0,1.0,"[6914891268, 8620225573, 4368262767, 4840066824, 8196055512, 9369448553, 5822706694, 6161466317, 7928321754, 2766028739, 2183827593, 1067358443]",4435.38,5,18.08
Tony,寧夏夜市,青年公園苗圃,2.0,0.0,1.0,"[2376974408, 6080248498, 4452311544, 1963391641, 7237641864, 6952150923]",5216.66,5,17.56
Tony,士林夜市,青年公園苗圃,2.0,0.0,1.0,"[2176424788, 7492680835, 4881278576, 9977723283, 4678130013, 8826096921, 8486490375, 2695056485, 7041769436, 4377767630]",4988.04,5,24.86
Tony,寧夏夜市,南港公園,2.0,0.0,1.0,"[8193118435, 3920452635, 1926052674, 2026894936, 9918063415, 3981329288, 7541179187, 9981580620, 2598620352, 5402679937]",9780.67,3,35.23
Tony,觀景台,南機場夜市,2.0,0.0,1.0,"[4420194125, 3136793512, 1291057038, 6129735682, 2338646623]",9228.39,5,36.42
Tony,南機場夜市,南港公園,2.0,0.0,1.0,"[3940278359, 4536361810, 9322447608, 5416496013, 9001255495, 5014819744, 4608964432, 9545334999, 5624507259, 4364604771, 5877515834, 1144558480, 9749279024, 4093445902]",3514.78,3,13.03
Tony,士林夜市,觀景台,2.0,0.0,1.0,"[3830517852, 2679457338, 5635619548, 2081060741, 8697787390]",3432.25,5,13.13
Tony,南機場夜市,台北101,2.0,0.0,1.0,"[8190973517, 4337808702, 4331760083, 7930705282, 4437450066, 3982893365, 5466788164, 1419005431, 9964404634, 4657379506, 3021255839, 8792515323, 5380989112, 6292179471, 1489252017]",3950.46,5,7.68
Tony,寧夏夜市,觀景台,2.0,0.0,1.0,"[3840247877, 8673575971, 6239893700, 3058043071, 9410903977, 5734432610, 1734986989]",5520.47,4,23.84
Mary,青年公園苗圃,觀景台,0.5,0.0,1.0,"[6292272849, 1683026162, 4261168299, 1148388675, 8954614316, 4549267541, 4879678214, 2703450137, 8293400843, 7309357312, 7218270658, 1884631129, 1014836390]",6887.03,3,12.35
Mary,寧夏夜市,南港公園,0.5,0.0,1.0,"[9303968576, 1019231131, 6145400621, 2634813695, 8589654131, 3467929584, 6547643765, 4232101378, 3473906040, 4395826558, 7774199256]",9798.67,4,40.73
Mary,青年公園苗圃,南機場夜市,0.5,0.0,1.0,"[7759782611, 8437152690, 8693817219, 8092061320, 1213265908, 4516292788, 8780993221, 5742176195, 3071472216, 3755670413, 8828630969, 6318697272, 9149441647, 6779952495, 8067965803]",3141.57,5,5.53
Mary,南港公園,觀景台,0.5,0.0,1.0,"[4289808537, 2389620692, 3943806357, 9311789660, 3956159278, 9117930975, 5941306152, 4424095767, 6143771865, 5622232608, 6331555083, 6751047340, 2728779100, 8407364564, 8205441648]",9816.47,3,18.94
Mary,青年公園苗圃,寧夏夜市,0.5,0.0,1.0,"[4082776126, 3226113470, 1090287158, 7233218814, 4579207502, 4487067624, 3124741240]",6000.0,5,12.15
Mary,青年公園苗圃,觀景台,0.5,0.0,1.0,"[4948104970, 9398251309, 4709971983, 5542412416, 5534099788, 2592125484, 2417953374, 9712671129, 3451197249, 5016619912]",5221.54,3,20.96
Mary,台北101,南機場夜市,0.5,0.0,1.0,"[7531573140, 6046869416, 2789105835, 3105880261, 6236204121, 7467492222, 6677683365, 3103106185]",7570.34,5,26.95
Mary,南港公園,青年公園苗圃,0.5,0.0,1.0,"[3523946336, 9204228148, 9249169875, 8235090312, 4519805468, 2762861404, 1904875650, 9747110036, 6659139934, 3196653348]",6069.61,4,13.97
Mary,士林夜市,台北101,0.5,0.0,1.0,"[9783686167, 8487952225, 9840948561, 9327401648, 9433868048, 9148920940, 5891827227, 4168272627, 8786417447, 2059342756, 8800599302, 4294623539]",5548.08,4,10.45
Mary,青年公園苗圃,南港公園,0.5,0.0,1.0,"[6440759345, 1444568790, 5521124012, 8415193556, 4785693083, 5737374026, 8529485486, 2643903026, 8048196333, 5464469464, 9479574315]",8799.05,4,23.29
Mary,觀景台,台北101,0.5,0.0,1.0,"[7831827352, 1282790184, 5391597544, 8687394809, 3217580756, 8729375821, 7775348730, 1405036481]",7221.66,3,28.07
Mary,南港公園,寧夏夜市,0.5,0.0,1.0,"[9728142401, 4544718893, 9613019001, 8143216037, 2227875496, 7777330808, 8335497205, 7740053699, 6947005571, 2547315014, 3727143255, 6994879926, 8448057548]",6543.89,5,11.96
Mary,觀景台,寧夏夜市,0.5,0.0,1.0,"[7631943558, 6056010399, 6685319791, 5865747811, 3492987413, 6893082382, 9535759896, 2817194395, 3825570120, 6453035247, 5702145487, 7320544528, 6156274659]",3441.47,4,14.39
Mary,寧夏夜市,青年公園苗圃,0.5,0.0,1.0,"[4300606839, 9991699983, 8767198691, 6433320884, 9652523367, 7159715615, 4197748304, 7791075413, 9544264195, 5149151018, 3347870529, 4984060635, 3463551400]",4811.06,5,9.82
Mary,士林夜市,台北101,0.5,0.0,1.0,"[1421228247, 9965593424, 2842341838, 5733701084, 8976969842, 5559209365, 8047959722, 8693152095]",5363.95,4,19.94
Mary,南港公園,寧夏夜市,0.5,0.0,1.0,"[5438507551, 8650939080, 5044963053, 9979349968, 3124144679, 9714715611]",7343.85,4,15.47
Mary,南港公園,台北101,0.5,0.0,1.0,"[2710267654, 9640161025, 6437126459, 3978896843, 1122737741, 6922250830, 4975254555, 4524855266, 4125761283, 4042872934, 4940023355]",6235.78,3,14.03
Mary,台北101,士林夜市,0.5,0.0,1.0,"[7592473648, 6331837820, 1163142581, 7277570734, 5750278548, 4064695073, 9838670701, 8326492814, 3195895165]",6648.92,5,17.61
Mary,青年公園苗圃,寧夏夜市,0.5,0.0,1.0,"[3038260809, 5232555721, 8179744189, 9010795216, 3166566771, 1084114711, 2740612243, 4355268845, 2307749257, 5056225473, 5310818653, 2390492199, 6688877088, 9931243995, 5442436220]",8305.88,5,19.51
Mary,台北101,寧夏夜市,0.5,0.0,1.0,"[9584878504, 7857209624, 3523785217, 8564977538, 3959803124, 2119269141]",6014.14,4,11.93
Mary,青年公園苗圃,台北101,0.5,0.0,1.0,"[5210605143, 6978561910, 8238290682, 4914129030, 2599202425, 7793139968, 3958441214, 3417973867, 2142650594, 8561018289, 9117936228, 6708745091, 3331447243, 1163548491]",4649.99,3,10.88
Mary,士林夜市,觀景台,0.5,0.0,1.0,"[8522313960, 2942122113, 3250336683, 9260269285, 8339106755, 6164462292, 2251159351, 3932318433]",7647.14,4,13.55
Mary,南機場夜市,士林夜市,0.5,0.0,1.0,"[4041208936, 5964099425, 7482543180, 7199857010, 9589722069, 4218802956, 3424701151, 1997760570, 1830492964, 5143552864, 4050253383, 6881187469, 5165213219, 9580431089]",4863.12,3,16.45
Mary,台北101,士林夜市,0.5,0.0,1.0,"[5574824397, 5849225666, 7038828894, 7073508096, 2789659113, 4122474001, 5557270642, 1789466716, 5401500546, 1435429543, 4057501225]",6575.28,4,23.34
Mary,寧夏夜市,南機場夜市,0.5,0.0,1.0,"[8447951324, 8613335882, 3306321935, 8350639257, 7697683273]",6169.69,4,17.81
Mary,台北101,寧夏夜市,0.5,0.0,1.0,"[9832419635, 8626324802, 9887581721, 8479709473, 9006016639]",7571.97,3,14.41
Mary,台北101,寧夏夜市,0.5,0.0,1.0,"[5354903688, 3913953242, 6223523803, 3324692443, 1690700820, 8725316060, 3597348427, 6806812068, 8996614735, 9694197946]",8328.89,5,15.46
Mary,南機場夜市,士林夜市,0.5,0.0,1.0,"[1774460361, 4726323292, 4227377265, 3168272040, 5315685439, 8796547248, 4171738236, 2778766474, 1104802977, 8502952374, 1516114341, 1086202159, 1466056538]",8242.29,4,15.23
Mary,南機場夜市,南港公園,0.5,0.0,1.0,"[4824299641, 8169666024, 5258088534, 5826969986, 1054751570, 7168031071, 1393250536, 8288240438, 6864694477, 6403118255, 1072977207, 1944365373]",4923.63,5,8.33
Mary,寧夏夜市,青年公園苗圃,0.5,0.0,1.0,"[4600398901, 1932089644, 7024259053, 2350860261, 3347485671, 7571036024, 5070080345, 3960851912, 5198752409, 1381085926, 1999293706, 7891581642, 6405623316]",7105.6,3,12.99
Mary,南港公園,寧夏夜市,0.5,0.0,1.0,"[4334777503, 1775154525, 5130902414, 9590009614, 5943669358, 9496749870, 4618319873, 1174027878, 2690625165, 3996425604]",6696.83,3,32.57
Mary,觀景台,南機場夜市,0.5,0.0,1.0,"[4905158605, 2292722598, 3221045059, 9588556337, 9556454742, 8328899831, 9016133457, 9976036700, 4547907029, 1225320546, 1263228410, 5984845608, 8750245320, 5491378207, 7860717922]",9995.99,3,17.33
Mary,台北101,寧夏夜市,0.5,0.0,1.0,"[7746824856, 9617348974, 9851312035, 8087808485, 1129939644, 1652377219, 3580651334, 2197589169, 6637124248, 6134229243, 6626751845, 9306598988, 1861773399, 2581858129, 1020648350]",4927.54,5,14.23
Mary,青年公園苗圃,士林夜市,0.5,0.0,1.0,"[1980987547, 9677200813, 2719113627, 5782551947, 7372657654, 1425130529, 4440022250, 3948948112, 7484939536, 4223483980, 8914616705, 3816497599, 2143834033]",4667.05,5,11.66
Mary,南機場夜市,南港公園,0.5,0.0,1.0,"[2583774128, 7431940798, 6510883098, 1533915240, 3535503645]",7873.94,3,37.41
Mary,南機場夜市,觀景台,0.5,0.0,1.0,"[1298350317, 6304724071, 8617547616, 3075022158, 6157696038, 3440339202, 5354452927, 4659083396, 2165504571, 8361111444, 1888990538]",5921.97,4,10.95
Mary,青年公園苗圃,觀景台,0.5,0.0,1.0,"[5009808074, 1578729392, 7427140303, 4314481028, 1240466580, 1185404423, 8971151211, 5549348090, 6675178695]",7802.17,5,14.63
Mary,台北101,青年公園苗圃,0.5,0.0,1.0,"[5461248250, 4616474124, 9251252974, 8221006637, 1388923468, 3024834922, 1013344854, 6563665154, 6782990200, 1515223334, 2421771785, 4382904902]",9143.37,5,22.41
Mary,南港公園,青年公園苗圃,0.5,0.0,1.0,"[1866060031, 6259254720, 2138426267, 8609516632, 8835456262, 2147598652, 6213660722]",8310.18,3,40.68
Mary,觀景台,寧夏夜市,0.5,0.0,1.0,"[9479998912, 2193923147, 1828272075, 7803643569, 9497314866, 7029705444]",6721.93,5,11.26
Mary,南港公園,寧夏夜市,0.5,0.0,1.0,"[4336416593, 1128322666, 5251443937, 4009090791, 3378629457, 6903392811]",4699.38,3,7.87
Mary,青年公園苗圃,南港公園,0.5,0.0,1.0,"[6287779025, 5878147406, 5555680161, 3032040515, 4771745652, 7778037903, 2007250990, 8523452312, 4656834358, 3277964361, 2635527054, 6362692042, 9351492418, 2519409681, 6142275697]",7047.37,3,18.54
Mary,台北101,士林夜市,0.5,0.0,1.0,"[9353415832, 9273030197, 2462996998, 5952676553, 9131944297, 8139823337, 5239536270, 2404949069, 5332302265, 6498107038, 3856911730]",9330.84,5,39.62
Mary,觀景台,南機場夜市,0.5,0.0,1.0,"[4560157073, 3558583499, 6384508553, 4416805271, 4273893041, 8249665063, 5878569847, 7213979392, 3550599932, 2323823342, 2778133367]",5590.69,4,27.17
Mary,南港公園,寧夏夜市,0.5,0.0,1.0,"[7891692078, 5689760688, 9257076948, 6830781318, 2808721961, 9251169962, 6065122127, 6480230139, 8357940672, 2984465794]",5888.41,4,13.59
Mary,寧夏夜市,南港公園,0.5,0.0,1.0,"[6916737319, 7201191164, 7638046529, 1520792923, 1067384460, 1548686299, 9629842334, 3297407992]",8000.29,3,18.98
Mary,寧夏夜市,士林夜市,0.5,0.0,1.0,"[5917703654, 2239837144, 9786423468, 7373413419, 4608936549, 1344188586, 5734356150, 5093325841, 4684630668, 2339148454, 7288732661]",8426.47,5,16.06
Mary,士林夜市,南機場夜市,0.5,0.0,1.0,"[7696964547, 3076194290, 3479860979, 7983132735, 7969371795, 5503922550]",8032.54,3,29.94
Mary,士林夜市,南港公園,0.5,0.0,1.0,"[6058723924, 4722395610, 2768391832, 9306291769, 5465510695, 8662377006, 4096027134, 4686876568, 1219708542, 6766287622, 9789629727, 1688357185, 9711828872]",4343.14,5,14.4
Mary,南港公園,南機場夜市,0.5,0.0,1.0,"[6406315978, 9371645061, 3721597528, 4922451296, 6716872671, 6066372871, 7552214368, 3124204740, 2009472199, 2599790870]",6464.86,3,26.13
Mary,青年公園苗圃,南機場夜市,0.5,0.0,1.0,"[6193960690, 1217265354, 6927528702, 7531804188, 4128044016, 7937539764, 1886873424, 7414299881, 5371593094, 8197426416, 7592788346, 3627705183, 9073366930, 3293422690]",5552.63,4,11.33
Mary,寧夏夜市,台北101,0.5,0.0,1.0,"[2662651395, 5009254438, 6479876617, 1639453963, 2637143939, 2602304512, 8019303458, 9010924842]",5412.83,3,14.48
Mary,士林夜市,青年公園苗圃,0.5,0.0,1.0,"[8029386145, 4639276235, 3789811021, 4433476783, 6756414515, 7046855822, 6390257269, 6411978192, 7882278397, 6114796347, 9036318292]",3002.29,4,9.89
Mary,士林夜市,觀景台,0.5,0.0,1.0,"[8736072064, 4714776169, 3233090213, 8607480509, 1390587706, 8963937921, 8359571990, 7254619152, 2758915077, 3074820933]",7804.18,5,15.99
Mary,觀景台,士林夜市,0.5,0.0,1.0,"[7735611483, 1593711193, 3563063190, 1006633601, 6133191573, 5920817633]",5074.34,3,9.05
Mary,寧夏夜市,青年公園苗圃,0.5,0.0,1.0,"[1537931573, 8674266993, 4191330807, 8120087966, 9248246056, 6701425581, 4801070956, 6071782801, 9120326000, 1917466130, 2820418374]",8902.14,3,33.96
Mary,南港公園,台北101,0.5,0.0,1.0,"[8765870868, 8833263120, 2048750112, 6469123489, 9930649477, 3746419796, 5579074294, 5539024682]",5004.3,3,8.38
Mary,士林夜市,寧夏夜市,0.5,0.0,1.0,"[2692819706, 8900108104, 8060098948, 1038531969, 9607399776, 9078411996, 7592744201, 7173068016, 1821177682]",7869.0,5,20.16
Mary,青年公園苗圃,觀景台,0.5,0.0,1.0,"[2475581207, 6896553437, 3915834265, 4975878696, 6472879696, 7122607874]",3937.8,4,13.43
Mary,南港公園,台北101,0.5,0.0,1.0,"[9964653413, 1172126668, 1487512168, 3003874264, 2017359825, 1451786033, 6539800141, 5673755226, 1200092945, 6124408775, 1861920011, 6435622019, 4885426165, 4185894014]",9162.14,5,18.1
Mary,寧夏夜市,士林夜市,0.5,0.0,1.0,"[3241988198, 1605655625, 8378896040, 1518093165, 7702669225, 4049660775, 3946678667, 8325383050, 2058952603, 1524602614, 5322288746, 8149048885]",5473.83,3,10.29
Mary,南機場夜市,士林夜市,0.5,0.0,1.0,"[9637242430, 4666810308, 4947229352, 4734185445, 9692671111, 3819713614, 5015872800, 6295771235, 8707421632, 2967171243, 4641092542, 3229402127, 8628728617]",8944.42,3,38.07
Mary,觀景台,台北101,0.5,0.0,1.0,"[8846543662, 8674606652, 6880678130, 9258196003, 7135673827, 6147322579, 3202450969, 5929142161, 7948062729, 8825602913]",3921.16,5,11.6
Mary,南機場夜市,台北101,0.5,0.0,1.0,"[6295702388, 1432885247, 6343567345, 7697269036, 8940696113, 4842297286, 5097166628, 7030724107, 5913355780, 3893187130]",4540.07,5,18.89
Mary,南機場夜市,寧夏夜市,0.5,0.0,1.0,"[2073834098, 5125758318, 9203428111, 7900445800, 5234940907, 8494279747, 3463728319, 4700504462, 4598167747]",6188.32,3,22.09
Mary,觀景台,士林夜市,0.5,0.0,1.0,"[3269348157, 5326722008, 7441065855, 7953768751, 2805163529, 8956813053, 1466275490, 3348266831, 1356964598]",6646.79,3,29.87
Mary,南機場夜市,觀景台,0.5,0.0,1.0,"[6225765641, 6716772610, 1231578914, 4305929847, 4474443366, 2439048294, 2198283245, 2434112229, 5111681411, 3888408555, 2750657961, 8237724948, 8004961315, 3623178452, 9037405933]",6958.99,5,16.77
Mary,寧夏夜市,南機場夜市,0.5,0.0,1.0,"[1632992327, 4197809910, 4786057229, 4452781442, 6061494760, 4344818504, 3955049729, 7378664846, 4186115402]",4173.06,4,7.42
Mary,寧夏夜市,青年公園苗圃,0.5,0.0,1.0,"[9307170241, 1018149262, 2262428281, 7220663825, 9748364704, 3366253570, 2646037042, 4783047638, 4969921761, 3130521563, 7045423811, 4164419448]",6388.15,4,25.03
Mary,士林夜市,寧夏夜市,0.5,0.0,1.0,"[2097161211, 1013190535, 1988960690, 7116509712, 1954858927, 6364901066, 5527119617, 9135213912, 1704441416, 3337316320, 6599202505]",6933.07,5,21.32
Mary,台北101,觀景台,0.5,0.0,1.0,"[6622586542, 7540486330, 4718667802, 2612044287, 6369714903, 8011003516]",8161.29,4,16.17
Mary,南機場夜市,青年公園苗圃,0.5,0.0,1.0,"[6611847274, 8348722552, 3997713964, 8081397369, 7036437673, 6200607593, 5393854263, 9677259976]",6543.81,4,23.82
Mary,士林夜市,寧夏夜市,0.5,0.0,1.0,"[6489245600, 8437322707, 3964638044, 1936161108, 7771909966, 5362318548, 9611363792, 9571906871]",8485.71,3,22.55
Mary,觀景台,士林夜市,0.5,0.0,1.0,"[1677379802, 8389123363, 5670474176, 7044182627, 1483156128, 3275246852, 3177350514, 4828153723, 6830639732, 9854945986, 7024254982, 3457537645]",3134.31,5,9.55
Mary,寧夏夜市,台北101,0.5,0.0,1.0,"[3698130968, 7994194135, 5433200803, 7654150154, 9500160422]",6263.49,4,12.41
Mary,寧夏夜市,台北101,0.5,0.0,1.0,"[8855384838, 7256762059, 6783709490, 5905371493, 5870624932, 2435620527, 3155278969, 2336934317, 8182943833, 5593268849, 3462111829, 8970262536, 9545316591]",7750.19,3,20.22
Mary,南港公園,南機場夜市,0.5,0.0,1.0,"[8318775545, 5962923127, 1822470633, 8456231262, 8348026114, 5895306152, 8483935598, 3538701440, 8271330334, 6845272120, 5344353555, 6248355613, 3297023630, 9455256420]",4276.7,4,9.2
Mary,台北101,寧夏夜市,0.5,0.0,1.0,"[6613307371, 8463092871, 4137007031, 5409880189, 6317545728, 2250985587, 1855509270]",5753.61,5,28.72
Mary,南機場夜市,青年公園苗圃,0.5,0.0,1.0,"[5096348151, 6993632678, 2765529070, 9855320883, 4186065955, 4132009319, 9251875529, 9997089238, 6676751933, 4637554294]",8605.6,5,18.26
Mary,台北101,寧夏夜市,0.5,0.0,1.0,"[2078603200, 7222537217, 8255780595, 7893345179, 4812367075, 7230291577, 7313876303, 3477616184, 3617764839, 7133016705, 8935653224]",7438.58,5,29.65
Mary,台北101,觀景台,0.5,0.0,1.0,"[8408001572, 1089744398, 2814140736, 2302034994, 9324338574, 5820659682, 8211759479, 4136640476, 6109701646]",3230.81,3,6.28
Mary,南機場夜市,觀景台,0.5,0.0,1.0,"[4150447172, 7108229043, 1499609460, 1303248261, 6180181664, 8783061803, 4045075298, 2116085587, 4780112430, 3150493757, 8893658832, 6501371753, 8422843891, 4121757224, 9999893715]",4839.91,5,17.68
Mary,南港公園,青年公園苗圃,0.5,0.0,1.0,"[7647820945, 6353936965, 1530156770, 1615785369, 2509299311, 7453002159, 4407859107]",6807.89,4,13.67
Mary,士林夜市,南港公園,0.5,0.0,1.0,"[7279050840, 2441252887, 9606973547, 8860275075, 2280286037, 6984679008, 8711930126, 9147612787, 6918451445, 3923622971, 4281279482, 1846648811, 1648021909, 9573975168, 9470366997]",9546.99,5,38.22
Mary,觀景台,台北101,0.5,0.0,1.0,"[7309504612, 9526369221, 1829150131, 6236810441, 2002985739, 1464184662, 6772670042, 9689751561, 1960584012, 7984020775, 4277645989, 4962587629]",7106.39,5,25.59
Mary,南機場夜市,青年公園苗圃,0.5,0.0,1.0,"[2490192517, 1157035509, 5642484527, 8836284192, 1258027504, 6088158081, 3423246612, 6203452840, 3478751449, 7486966951, 3101061538, 4650439094, 1532555334]",8173.65,3,29.26
Mary,南港公園,觀景台,0.5,0.0,1.0,"[8122820857, 1036044209, 6765497636, 7176108752, 9895810268, 2842351188, 6966477659, 2384977389]",8832.6,4,27.74
Mary,南港公園,士林夜市,0.5,0.0,1.0,"[5151857366, 1946884985, 6196750768, 3612703863, 1988268959]",8808.51,3,38.45
Mary,士林夜市,寧夏夜市,0.5,0.0,1.0,"[8657928038, 9138805085, 8640793862, 3693134267, 3489307671]",9154.32,4,28.37
Mary,觀景台,南機場夜市,0.5,0.0,1.0,"[3548330800, 6159356844, 7670204070, 3889985186, 6852777999, 1168730932]",5879.18,3,12.54
Mary,士林夜市,觀景台,0.5,0.0,1.0,"[3296344885, 7090929742, 6782372189, 5206566106, 8166494587, 5985994083, 1151547996, 9217534745]",8723.76,4,25.87
Mary,青年公園苗圃,台北101,0.5,0.0,1.0,"[3490740371, 2117366985, 2373437722, 1896466087, 6239832165, 7854239640, 3530488639, 4357494185, 6614190033]",3669.95,5,10.2
Mary,觀景台,南機場夜市,0.5,0.0,1.0,"[7738009649, 2626652256, 7185380809, 1281964982, 4402628239, 8506324930, 8564281164, 4906212087, 9729275495, 5466801415, 4978860903, 8036837347, 5352688354]",3522.06,4,8.73
Mary,寧夏夜市,台北101,0.5,0.0,1.0,"[4979445676, 3409387303, 4962409673, 1331583112, 2467493346, 8065550418, 7995494667]",9077.52,3,17.01
Mary,青年公園苗圃,台北101,0.5,0.0,1.0,"[6403291828, 4910110645, 1497352278, 6398070869, 6919112821, 8140772786, 2958872032]",3280.4,4,8.23
Mary,台北101,觀景台,0.5,0.0,1.0,"[8597635760, 1765713756, 8845280520, 7589012415, 9874532497, 6343937228, 1991537215, 8968354905, 3263807011, 7719832673, 8195433193, 6957177041, 3600272917]",4608.13,4,17.15
Mary,觀景台,台北101,0.5,0.0,1.0,"[8186778577, 3759175640, 4389745154, 8125204195, 8433086820, 7620946386, 3866875293, 1188804368]",9708.38,3,27.05
Mary,寧夏夜市,南港公園,0.5,0.0,1.0,"[5833710143, 7567291770, 3656805931, 8298514166, 9861963075, 3993779647, 8573398113, 6853620330, 9254555550, 5451953455, 3203027840, 9537366505, 8056597668]",6363.94,3,13.01
Mary,台北101,南港公園,0.5,0.0,1.0,"[1235037446, 3554964031, 1404319931, 2770039001, 9476417175]",6790.13,4,13.82
Mary,士林夜市,台北101,0.5,0.0,1.0,"[6907169979, 4668783722, 6705867569, 1718067133, 7288021578, 5434094402, 2983598264, 5530422044, 5725832457, 9562895189, 5849952145, 9343642440, 3170298102]",4528.71,5,7.8
David,台北101,南港公園,2.0,1.0,0.0,"[1817002910, 9906916074, 4462178810, 1833753982, 3231910480, 9831363357, 3318075021, 4957516621, 2684518831, 1733781635, 2179287633, 6718304532, 9079080123]",4028.09,1,15.92
David,士林夜市,台北101,2.0,1.0,0.0,"[3729928777, 3543351108, 9545035059, 8471911207, 2678287243, 7141534305, 4503861076, 9308790002]",3292.26,1,7.82
David,台北101,南港公園,2.0,1.0,0.0,"[6852007699, 6835999520, 7079892743, 1348560032, 1580229393, 9332488144]",7750.22,3,14.02
David,南機場夜市,南港公園,2.0,1.0,0.0,"[8014669932, 4613324264, 8665086063, 2088277572, 7750735447, 4016752114, 9831861469]",4413.34,2,20.72
David,寧夏夜市,青年公園苗圃,2.0,1.0,0.0,"[9293907316, 9045811104, 9747756008, 5399780093, 7642219584, 1372850145]",4800.12,2,11.07
David,寧夏夜市,南機場夜市,2.0,1.0,0.0,"[8533661638, 8915111401, 4170849051, 7503773139, 4736161854, 9922171141, 4933854666, 8548456346, 9057680856, 9487256670, 9778999411]",3595.5,3,10.93
David,青年公園苗圃,觀景台,2.0,1.0,0.0,"[9310388129, 4086925699, 9904441848, 7133910882, 5314779735, 9783473526, 9841830367, 1850871325, 9798225084, 7616258828]",6958.4,1,33.87
David,青年公園苗圃,士林夜市,2.0,1.0,0.0,"[3337672108, 1427495073, 9077199514, 5273506253, 8897345509, 3095614266, 6079624697, 4717128290, 7387212592]",8999.53,1,17.42
David,觀景台,台北101,2.0,1.0,0.0,"[8897706689, 1328966187, 2530707774, 1282176332, 4652848291, 4205668074, 7417433133]",4393.92,2,12.74
David,青年公園苗圃,台北101,2.0,1.0,0.0,"[4340989456, 1189594781, 7814116923, 1725602201, 7473958132, 6193353737, 5755624588, 5500681344, 7065095932, 2546904257, 6204451654, 8296212096, 1039076033, 9941464059, 1030967426]",3451.95,3,6.22
David,寧夏夜市,士林夜市,2.0,1.0,0.0,"[7474907956, 9764153084, 3961931694, 2434476021, 8729387413, 2591634203, 4161829736, 2160326169, 6781249497]",6782.32,1,23.45
David,青年公園苗圃,台北101,2.0,1.0,0.0,"[1899078670, 3483230464, 5360830807, 2741643640, 3275735591, 8111212835, 3592532713, 1877933041, 9302319284, 9890257094, 9893546870, 9982871771, 3374505789, 4323278844, 1580352520]",6122.13,1,23.31
David,台北101,士林夜市,2.0,1.0,0.0,"[5255969185, 6011296346, 1769292607, 7631646199, 4617361738, 4972907892, 8976573089, 4351178902, 2792786542, 3415625165, 4010977518, 1478455360, 8931582370]",3579.1,1,10.5
David,南港公園,青年公園苗圃,2.0,1.0,0.0,"[4257296494, 7896658090, 1740213910, 6924604579, 9752533171]",4185.55,1,18.48
David,南機場夜市,青年公園苗圃,2.0,1.0,0.0,"[2013528894, 2515596738, 8013482806, 3745258974, 7858833867]",5720.17,1,11.59
David,南港公園,觀景台,2.0,1.0,0.0,"[5896829526, 1297961602, 8874048419, 3309136975, 4206384033, 5009548858]",5342.16,3,16.96
David,觀景台,南機場夜市,2.0,1.0,0.0,"[1928266793, 7107117926, 5461994794, 8215602935, 7908357566, 1979342727, 8113800759, 9216453567, 1253354167, 2785161412, 4514731537, 9706254202, 6596747111, 9428426125]",5276.04,2,12.1
David,士林夜市,台北101,2.0,1.0,0.0,"[4410083292, 8934065908, 8286011631, 9842941659, 1838039376, 1272951643, 2739402738, 1908656228, 8249350242, 5994449613, 9518812627, 4732524939, 8947963636]",3437.0,3,7.78
David,寧夏夜市,士林夜市,2.0,1.0,0.0,"[4656331507, 7129667848, 3016930787, 7937163208, 7081605369, 9721107008, 8414191763, 8412566347, 5049458660, 3672483225, 5882337070, 6895361149, 6046565908]",3795.16,1,8.82
David,士林夜市,青年公園苗圃,2.0,1.0,0.0,"[9732738499, 5495152615, 8746019002, 6726356747, 9469512886, 2418658385, 9962050901]",3231.26,3,6.53
David,士林夜市,南港公園,2.0,1.0,0.0,"[2491309731, 3828136357, 6450657300, 1760486926, 5544891080, 4872229252, 5277556791, 1449742909, 3136960092, 9477474331, 4315419791, 4903683192, 9596472509, 3745095986]",9245.91,2,45.36
David,觀景台,士林夜市,2.0,1.0,0.0,"[5153566986, 8194068973, 8203856351, 7552289986, 1600903781, 6608495428, 8019318993, 4425047038, 5874509149, 4412646769, 5243026438]",6463.96,1,15.43
David,寧夏夜市,台北101,2.0,1.0,0.0,"[5070857458, 6606977285, 3471611099, 9691374280, 4176963582, 7752407524, 8465774274, 9352608756]",3707.86,2,12.88
David,寧夏夜市,青年公園苗圃,2.0,1.0,0.0,"[4805867020, 7200121048, 8766221275, 8168074605, 5354318693, 6162214645, 3986000369, 4807372755, 9817270640, 7432134508, 3321700068, 2317424087]",6910.72,3,31.32
David,觀景台,士林夜市,2.0,1.0,0.0,"[1063519348, 3259738808, 3754348647, 1928098510, 4201598831, 6856889048]",5167.1,2,8.99
David,南港公園,寧夏夜市,2.0,1.0,0.0,"[2730009834, 3832386457, 4644984938, 8675425562, 2962843501, 6519260294, 1214876229, 1464490035, 7369704784]",4730.85,3,14.23
David,士林夜市,觀景台,2.0,1.0,0.0,"[5993395745, 7166326682, 7576236718, 4028121738, 1307292424, 7111621889, 8035956197, 4177894709, 6531771563, 2937404808, 9574780725, 3508099619]",9634.89,2,16.98
David,台北101,士林夜市,2.0,1.0,0.0,"[5592297988, 6282136284, 7254360920, 1462764858, 5219016914, 1455455742, 6070966518, 7502478535, 7209629836, 6969724183, 3843960466, 7487980864]",8574.65,3,22.14
David,台北101,士林夜市,2.0,1.0,0.0,"[1019460300, 2589971534, 8431052157, 6725297404, 7137886560, 8007635749, 8796359562, 6395344307, 1717349118]",9581.27,1,28.24
David,青年公園苗圃,南港公園,2.0,1.0,0.0,"[8909428899, 4488039296, 9373918637, 3190402237, 3577105005, 7570442737, 3626205516, 1679463417, 8017616595, 3951707831, 9094172062, 2645257803, 8751097982, 7190925708, 7622179469]",9872.71,2,17.4
David,寧夏夜市,台北101,2.0,1.0,0.0,"[4124839037, 1485017302, 5950507952, 9387817929, 8091969811, 6330579996]",3558.01,3,11.66
David,台北101,寧夏夜市,2.0,1.0,0.0,"[2558116403, 6226607222, 4552862990, 9786305008, 6070154819, 5030601491, 2134798605, 9753430128, 1608380134, 4767077513, 1135773583]",6517.44,3,11.11
David,南港公園,南機場夜市,2.0,1.0,0.0,"[7434239407, 4376331919, 2419247332, 8965848452, 8675346075, 8321893023, 2023187459, 6534145811, 7042657216, 9927000458]",6883.62,2,13.89
David,台北101,士林夜市,2.0,1.0,0.0,"[8263869754, 4580660360, 9143269853, 5156908981, 5407812455, 6676385979, 7426451402, 1612873824, 6809505911, 4741126731, 5676600469, 4464346714]",7251.98,1,23.05
David,士林夜市,南港公園,2.0,1.0,0.0,"[7215420416, 1145635686, 9292564049, 1277679226, 3976422567, 6632799113, 8717519773, 7635470271, 7036582976, 5659937568]",3683.64,2,7.8
David,台北101,士林夜市,2.0,1.0,0.0,"[6936106481, 3240927312, 2716975533, 1769811134, 1528016417]",3758.08,1,11.74
David,觀景台,士林夜市,2.0,1.0,0.0,"[4923411955, 4697605792, 5458877785, 9232448376, 5964272840, 3977903092, 1985120347, 5431317808, 1515785173]",5626.66,1,13.47
David,士林夜市,台北101,2.0,1.0,0.0,"[8062527749, 3044918386, 6718402246, 4993309748, 7824177342, 6404624535, 5090425022, 9346489343, 6611986126, 3845060676, 2789312364, 5260009860, 5339177625, 9020803737]",4076.8,2,7.64
David,觀景台,寧夏夜市,2.0,1.0,0.0,"[7424099038, 1646082119, 6901219526, 8558893465, 2670015932, 8128862596, 3465603691, 9145766260]",6193.91,2,10.46
David,南港公園,台北101,2.0,1.0,0.0,"[6766379061, 6930109383, 9576934175, 3502102964, 6559402772, 1819399544, 7094471918]",8892.01,3,37.66
David,觀景台,寧夏夜市,2.0,1.0,0.0,"[9515336812, 4941978362, 2853242340, 3156345748, 7124132688]",3605.25,3,8.45
David,南機場夜市,觀景台,2.0,1.0,0.0,"[2641464096, 7433376448, 2568051443, 7367077553, 9314265089, 2564081264]",4833.6,1,13.61
David,士林夜市,寧夏夜市,2.0,1.0,0.0,"[1939969808, 7985501275, 6826814689, 9349476861, 8087533100, 4111053493, 2620277636, 4961177729]",4734.67,2,15.17
David,南港公園,寧夏夜市,2.0,1.0,0.0,"[2995041843, 8720709691, 2209974044, 2251163805, 5467585325, 6369738940, 2488713222]",7192.91,3,15.39
David,青年公園苗圃,寧夏夜市,2.0,1.0,0.0,"[5415480025, 1725384955, 4118714151, 1386249418, 9989358567]",9706.08,3,39.08
David,士林夜市,台北101,2.0,1.0,0.0,"[2031714909, 8828217321, 5572631562, 6492052985, 8138336736, 4652149113, 7237337804, 6519524794, 5396101539, 6771070223]",5382.59,3,9.01
David,南機場夜市,觀景台,2.0,1.0,0.0,"[5899868971, 9958944845, 1826596540, 7982872484, 9764207324, 1577295119, 3310270095, 3916431470, 5613773964]",6890.69,2,13.41
David,台北101,青年公園苗圃,2.0,1.0,0.0,"[8614579992, 4991921552, 9992146396, 6177495330, 2634254850, 3701453665, 5585495097, 7624898936]",9125.89,1,16.82
David,台北101,士林夜市,2.0,1.0,0.0,"[1422640840, 6228167792, 8262179198, 1775194753, 2284709517, 5764840008, 1151072336, 8152826054, 2626043990, 3259646534, 6426008491, 7849148019]",4200.14,3,11.68
David,青年公園苗圃,士林夜市,2.0,1.0,0.0,"[5092174962, 1578284162, 2018904124, 8129877552, 1609385201, 1083555302, 5959567100, 4566702742, 2993558496, 2527321357, 2186734514, 1878761696, 9230438243]",8238.52,2,25.87
David,士林夜市,台北101,2.0,1.0,0.0,"[7241644093, 2672745821, 6828761182, 1345071014, 6643603180, 4301374603, 8532830935]",7949.82,3,31.7
David,士林夜市,寧夏夜市,2.0,1.0,0.0,"[3580137567, 3354186077, 3362271323, 6876717604, 3800445396, 9504939715, 4963877470, 1005030221, 8204726531, 3563446528, 9152960308, 2590724472]",6401.17,2,24.25
David,青年公園苗圃,南機場夜市,2.0,1.0,0.0,"[3092896956, 4534782914, 3685933992, 6085372251, 4031239628, 2497135013, 3786556322, 9447760939, 5242803721]",9725.68,1,19.5
David,青年公園苗圃,士林夜市,2.0,1.0,0.0,"[1991796733, 6681476713, 8358789289, 6434619692, 4567390256, 8510233353, 2164260014, 8329947362, 5203470579, 1081605411, 3859122439, 1936947349, 4773973618, 7187423645, 5546002640]",4070.82,3,8.5
David,士林夜市,南機場夜市,2.0,1.0,0.0,"[5123685995, 5408081723, 6854283502, 4944018132, 6809308792, 2675339367, 5664326901, 9336400600, 7669140659, 7135127928]",7797.44,1,20.57
David,寧夏夜市,台北101,2.0,1.0,0.0,"[3642181055, 6241409824, 6616479629, 8297248206, 7489315657, 8133210305, 2467131776]",9289.8,3,26.1
David,士林夜市,觀景台,2.0,1.0,0.0,"[6377115360, 6318919452, 5636813528, 6934777007, 1531450499, 2233716922, 9977469547, 3567050267, 9814775799, 1280593361, 1722850883, 4142604880]",6319.18,2,15.45
David,台北101,南機場夜市,2.0,1.0,0.0,"[1734166326, 8234282353, 9059074294, 3183852281, 4260490118, 3862278454, 8456287989, 3242946824, 7561418661]",5255.2,3,22.99
David,青年公園苗圃,南機場夜市,2.0,1.0,0.0,"[3855984701, 6268746283, 3113041211, 4475304514, 3478284928, 9552540291, 2530764188, 2419912213, 4244748072, 8826237957, 8438056777, 7709350121]",4406.74,2,13.23
David,觀景台,青年公園苗圃,2.0,1.0,0.0,"[7651892823, 4825673301, 6148082722, 1589820413, 4878194843]",3919.56,2,7.6
David,台北101,南港公園,2.0,1.0,0.0,"[5880098345, 6789026739, 5502647379, 6726987955, 7979847635]",8382.44,1,17.53
David,青年公園苗圃,士林夜市,2.0,1.0,0.0,"[7180411602, 5942036186, 4058191633, 5587047397, 3895003638]",4182.41,3,13.18
David,青年公園苗圃,士林夜市,2.0,1.0,0.0,"[6530000348, 2794518937, 8057860524, 6800027296, 4769214806, 6536603359, 2149843509, 3467601190, 6306731957, 3857754738, 3513310177, 8132642355, 4579065009]",6799.26,2,13.66
David,士林夜市,觀景台,2.0,1.0,0.0,"[3246183910, 5015930528, 5236364231, 6634768712, 4315405301, 3946872094, 7179043761, 1008467587, 9113057122]",5331.27,3,19.59
David,觀景台,南機場夜市,2.0,1.0,0.0,"[6757482778, 5813849720, 8838370626, 2854200341, 4989054524, 8844455747]",8538.74,2,15.14
David,台北101,觀景台,2.0,1.0,0.0,"[2307560000, 8149516586, 5201042071, 9281393716, 5204340483, 4316107985, 7826675898, 8769480152, 2093939088, 7795333591, 8719267548, 1729001442]",6439.43,2,11.31
David,南機場夜市,觀景台,2.0,1.0,0.0,"[7061277340, 1955397168, 4539352447, 1615380102, 6924840608, 4890131836, 2324515054, 3468034620, 5741021004, 3957714165, 9114220518]",5879.87,3,14.29
David,南港公園,台北101,2.0,1.0,0.0,"[9368530761, 5711888082, 4362426642, 2847522788, 5477771783, 1549902212, 4969970878, 4496835330, 2533154688]",3306.99,3,5.62
David,南機場夜市,青年公園苗圃,2.0,1.0,0.0,"[5570154870, 2667687821, 5157373561, 7294069648, 5377076021, 8795485011, 1045408628, 8751777900, 8886744448, 1848959151, 1133398871, 9855959340]",8715.77,2,19.21
David,南機場夜市,觀景台,2.0,1.0,0.0,"[5488273685, 2600367674, 4857173444, 5606395551, 7524681783, 4227737031, 4657295764, 2187592356, 6048585147, 6495256321, 6530543366, 8466965802]",3565.51,1,7.2
David,觀景台,南港公園,2.0,1.0,0.0,"[4458804096, 9992908958, 6299290844, 4393548174, 1664689184, 1621819830, 6809223593, 4122677940, 2038562593, 7171057256]",7242.48,3,32.06
David,台北101,士林夜市,2.0,1.0,0.0,"[3637055215, 1827019813, 6551014275, 1877805456, 2499533143, 3990740914, 1186448626, 2200377504]",7995.35,1,28.36
David,士林夜市,觀景台,2.0,1.0,0.0,"[1082223471, 4752632978, 1253688614, 8834698875, 7926037422]",4420.83,3,17.98
David,士林夜市,台北101,2.0,1.0,0.0,"[2405498981, 9741695811, 9065098581, 3323549737, 1562578872, 2879056652]",5791.69,3,14.24
David,觀景台,南機場夜市,2.0,1.0,0.0,"[7137480705, 8629170972, 8909010720, 6702445293, 4226580880]",4469.05,1,8.41
David,寧夏夜市,南港公園,2.0,1.0,0.0,"[4053613250, 1820717848, 7937856172, 5275209960, 9333275627, 7968565039, 6918741307, 9376862056, 6902736474, 3099872312]",6528.41,1,12.67
David,觀景台,青年公園苗圃,2.0,1.0,0.0,"[7392418229, 7775320896, 2163047592, 7593821453, 2221751557, 5879018952, 7566416370]",6093.11,2,28.81
David,南港公園,南機場夜市,2.0,1.0,0.0,"[3979573151, 7919840830, 6011477712, 2023481496, 6641576509, 3332571793, 6254948730, 1187214415, 8160184527, 1590432088, 1928711415, 1756588392]",6127.99,2,26.25
David,台北101,青年公園苗圃,2.0,1.0,0.0,"[6150715448, 4318572574, 8036711180, 8725645196, 9674436666, 6906338097, 2101632783]",5128.3,2,22.02
David,青年公園苗圃,士林夜市,2.0,1.0,0.0,"[7395697482, 3886254401, 8426445143, 3982074402, 9102182618, 1717806307, 5491642223, 4765779425, 6387877022, 3311381995, 3237573336, 4508722591, 8639926226, 6167408327]",3955.14,3,6.68
David,南港公園,寧夏夜市,2.0,1.0,0.0,"[2087995211, 4901044573, 9997299605, 7910079845, 6908332469, 4997837558]",5837.63,2,19.29
David,寧夏夜市,南機場夜市,2.0,1.0,0.0,"[5596810407, 2279014359, 1584544395, 2877272255, 5823670132, 3159842630]",5799.05,3,21.79
David,士林夜市,觀景台,2.0,1.0,0.0,"[8587366849, 7554050875, 6531437903, 4356066119, 4106509690, 7602387878, 5341220244, 8572418626, 8648671646, 6205368400, 1719131364, 7109849176, 5407304244, 3398968012]",8367.19,3,19.71
David,青年公園苗圃,觀景台,2.0,1.0,0.0,"[4162950157, 7702783407, 9698210971, 6886373940, 1173250861, 2955978799, 8962152205, 8236290122, 1888106949]",3916.11,2,10.47
David,觀景台,南港公園,2.0,1.0,0.0,"[2421780701, 5696174836, 1822139866, 2044762690, 9591159127, 6055909167, 9841705735, 2872666843, 6749323764, 4324966462, 4994494785, 7158489192, 9111073417, 2144248345, 9805574532]",9536.47,1,21.27
David,士林夜市,南機場夜市,2.0,1.0,0.0,"[7333854092, 8919856647, 7254123402, 3742827793, 1523092888, 2173155433, 7679135175, 6701228465, 1814794742, 6558951157, 3404569585, 7429547888]",4565.75,3,14.14
David,寧夏夜市,青年公園苗圃,2.0,1.0,0.0,"[3073815399, 7716701642, 7167590341, 9462728447, 1188333251]",3615.94,2,7.12
David,南機場夜市,台北101,2.0,1.0,0.0,"[6924227288, 3048038441, 7804865505, 4919749800, 8389117607, 5048078390, 5325969858, 7371433886, 1766548478, 6954820789, 6364333051, 6129799156, 1857819641, 5676212032]",4709.3,3,8.41
David,青年公園苗圃,士林夜市,2.0,1.0,0.0,"[3297832419, 4283435065, 2186024676, 6466930999, 7524252255, 1806592923, 4254002910, 1846355472, 8438067663, 7256734555, 4471896427, 2890975351, 8969049146, 2202544098, 8917715515]",3483.43,3,8.85
David,南機場夜市,台北101,2.0,1.0,0.0,"[9805320339, 9781906161, 7957331980, 6283424010, 9967471370, 5817588083, 6740276413]",8602.3,2,14.85
David,青年公園苗圃,台北101,2.0,1.0,0.0,"[5914537684, 5467568223, 7108311710, 8638256875, 2053203392, 9587163575, 6508658529]",6139.94,3,11.27
David,青年公園苗圃,士林夜市,2.0,1.0,0.0,"[7476732824, 3464951071, 8263834563, 2322861421, 2464316549, 7362767759, 5060532368, 4242507734, 8915062863, 7856239473, 9455463934, 9683796922, 4093516136]",9729.58,1,27.15
David,寧夏夜市,南機場夜市,2.0,1.0,0.0,"[3184838206, 9483210265, 9604263628, 8324078439, 9275322560, 4612563751, 7706831188, 8613956548, 3471354366, 8898925053, 4345293512]",8202.12,1,27.84
David,台北101,南機場夜市,2.0,1.0,0.0,"[8610800080, 2507822732, 9764842784, 6258257107, 6905204852, 7146982991, 6627315986, 9417924346, 9815171953]",3165.57,1,13.74
David,南機場夜市,青年公園苗圃,2.0,1.0,0.0,"[1400623424, 8369658350, 3215990890, 1700446825, 5437296351, 3296520090]",6772.03,2,27.48
David,台北101,士林夜市,2.0,1.0,0.0,"[8248691296, 3525647914, 7665553374, 8224342445, 5441036422, 6931395787, 6759577885, 1188554528]",8607.47,3,43.0
David,台北101,南港公園,2.0,1.0,0.0,"[4716352058, 4860376454, 3618105689, 7910885707, 7918637101, 3368950479, 4378093658, 5476794175, 2110588344]",8922.09,3,44.3
David,南港公園,寧夏夜市,2.0,1.0,0.0,"[6851809511, 1811690839, 3724579430, 3366185547, 6766611324, 4504444976, 6496278191]",5862.9,2,12.68
David,觀景台,寧夏夜市,2.0,1.0,0.0,"[8539454959, 4524420749, 1991509157, 5984426238, 4564914065, 2471968839]",3127.53,2,8.61
David,南港公園,士林夜市,2.0,1.0,0.0,"[2643832535, 1743063478, 9816199217, 8630876270, 6629950312, 7893290912]",4764.59,3,13.96
